frame,time,center_valid,rx,ry,center_score,selected_id,status,target_x,target_y,angle,reason
0,0,0,,,0,0,lost,,,,
1,0.0333333333,0,,,0,0,lost,,,,
2,0.0666666667,0,,,0,0,lost,,,,
3,0.1,0,,,0,0,lost,,,,
4,0.133333333,0,,,0,0,lost,,,,
5,0.166666667,0,,,0,0,lost,,,,
6,0.2,0,,,0,0,lost,,,,
7,0.233333333,0,,,0,0,lost,,,,
8,0.266666667,0,,,0,0,lost,,,,
9,0.3,0,,,0,0,lost,,,,
10,0.333333333,0,,,0,0,lost,,,,
11,0.366666667,0,,,0,0,lost,,,,
12,0.4,0,,,0,0,lost,,,,
13,0.433333333,0,,,0,0,lost,,,,
14,0.466666667,0,,,0,0,lost,,,,
15,0.5,0,,,0,0,lost,,,,
16,0.533333333,0,,,0,0,lost,,,,
17,0.566666667,0,,,0,0,lost,,,,
18,0.6,0,,,0,0,lost,,,,
19,0.633333333,0,,,0,0,lost,,,,
20,0.666666667,0,,,0,0,lost,,,,
21,0.7,0,,,0,0,lost,,,,
22,0.733333333,0,,,0,0,lost,,,,
23,0.766666667,0,,,0,0,lost,,,,
24,0.8,0,,,0,0,lost,,,,
25,0.833333333,0,,,0,0,lost,,,,
26,0.866666667,0,,,0,0,lost,,,,
27,0.9,0,,,0,0,lost,,,,
28,0.933333333,0,,,0,0,lost,,,,
29,0.966666667,0,,,0,0,lost,,,,
30,1,0,,,0,0,lost,,,,
31,1.03333333,0,,,0,0,lost,,,,
32,1.06666667,0,,,0,0,lost,,,,
33,1.1,0,,,0,0,lost,,,,
34,1.13333333,0,,,0,0,lost,,,,
35,1.16666667,0,,,0,0,lost,,,,
36,1.2,0,,,0,0,lost,,,,
37,1.23333333,0,,,0,0,lost,,,,
38,1.26666667,0,,,0,0,lost,,,,
39,1.3,0,,,0,0,lost,,,,
40,1.33333333,0,,,0,0,lost,,,,
41,1.36666667,0,,,0,0,lost,,,,
42,1.4,0,,,0,0,lost,,,,
43,1.43333333,0,,,0,0,lost,,,,
44,1.46666667,0,,,0,0,lost,,,,
45,1.5,0,,,0,0,lost,,,,
46,1.53333333,0,,,0,0,lost,,,,
47,1.56666667,0,,,0,0,lost,,,,
48,1.6,0,,,0,0,lost,,,,
49,1.63333333,0,,,0,0,lost,,,,
50,1.66666667,0,,,0,0,lost,,,,
51,1.7,0,,,0,0,lost,,,,
52,1.73333333,0,,,0,0,lost,,,,
53,1.76666667,0,,,0,0,lost,,,,
54,1.8,0,,,0,0,lost,,,,
55,1.83333333,0,,,0,0,lost,,,,
56,1.86666667,0,,,0,0,lost,,,,
57,1.9,0,,,0,0,lost,,,,
58,1.93333333,0,,,0,0,lost,,,,
59,1.96666667,0,,,0,0,lost,,,,
60,2,0,,,0,0,lost,,,,
61,2.03333333,0,,,0,0,lost,,,,
62,2.06666667,0,,,0,0,lost,,,,
63,2.1,0,,,0,0,lost,,,,
64,2.13333333,0,,,0,0,lost,,,,
65,2.16666667,0,,,0,0,lost,,,,
66,2.2,0,,,0,0,lost,,,,
67,2.23333333,0,,,0,0,lost,,,,
68,2.26666667,0,,,0,0,lost,,,,
69,2.3,0,,,0,0,lost,,,,
70,2.33333333,0,,,0,0,lost,,,,
71,2.36666667,0,,,0,0,lost,,,,
72,2.4,0,,,0,0,lost,,,,
73,2.43333333,0,,,0,0,lost,,,,
74,2.46666667,0,,,0,0,lost,,,,
75,2.5,0,,,0,0,lost,,,,
76,2.53333333,0,,,0,0,lost,,,,
77,2.56666667,0,,,0,0,lost,,,,
78,2.6,0,,,0,0,lost,,,,
79,2.63333333,0,,,0,0,lost,,,,
80,2.66666667,0,,,0,0,lost,,,,
81,2.7,0,,,0,0,lost,,,,
82,2.73333333,0,,,0,0,lost,,,,
83,2.76666667,0,,,0,0,lost,,,,
84,2.8,0,,,0,0,lost,,,,
85,2.83333333,0,,,0,0,lost,,,,
86,2.86666667,0,,,0,0,lost,,,,
87,2.9,0,,,0,0,lost,,,,
88,2.93333333,0,,,0,0,lost,,,,
89,2.96666667,0,,,0,0,lost,,,,
90,3,0,,,0,0,lost,,,,
91,3.03333333,0,,,0,0,lost,,,,
92,3.06666667,0,,,0,0,lost,,,,
93,3.1,0,,,0,0,lost,,,,
94,3.13333333,0,,,0,0,lost,,,,
95,3.16666667,0,,,0,0,lost,,,,
96,3.2,0,,,0,0,lost,,,,
97,3.23333333,0,,,0,0,lost,,,,
98,3.26666667,0,,,0,0,lost,,,,
99,3.3,0,,,0,0,lost,,,,
100,3.33333333,0,,,0,0,lost,,,,
101,3.36666667,0,,,0,0,lost,,,,
102,3.4,0,,,0,0,lost,,,,
103,3.43333333,0,,,0,0,lost,,,,
104,3.46666667,0,,,0,0,lost,,,,
105,3.5,0,,,0,0,lost,,,,
106,3.53333333,0,,,0,0,lost,,,,
107,3.56666667,0,,,0,0,lost,,,,
108,3.6,0,,,0,0,lost,,,,
109,3.63333333,0,,,0,0,lost,,,,
110,3.66666667,0,,,0,0,lost,,,,
111,3.7,0,,,0,0,lost,,,,
112,3.73333333,0,,,0,0,lost,,,,
113,3.76666667,0,,,0,0,lost,,,,
114,3.8,0,,,0,0,lost,,,,
115,3.83333333,0,,,0,0,lost,,,,
116,3.86666667,0,,,0,0,lost,,,,
117,3.9,0,,,0,0,lost,,,,
118,3.93333333,0,,,0,0,lost,,,,
119,3.96666667,0,,,0,0,lost,,,,
120,4,0,,,0,0,lost,,,,
121,4.03333333,0,,,0,0,lost,,,,
122,4.06666667,0,,,0,0,lost,,,,
123,4.1,0,,,0,0,lost,,,,
124,4.13333333,0,,,0,0,lost,,,,
125,4.16666667,0,,,0,0,lost,,,,
126,4.2,0,,,0,0,lost,,,,
127,4.23333333,0,,,0,0,lost,,,,
128,4.26666667,0,,,0,0,lost,,,,
129,4.3,0,,,0,0,lost,,,,
130,4.33333333,0,,,0,0,lost,,,,
131,4.36666667,0,,,0,0,lost,,,,
132,4.4,0,,,0,0,lost,,,,
133,4.43333333,0,,,0,0,lost,,,,
134,4.46666667,0,,,0,0,lost,,,,
135,4.5,0,,,0,0,lost,,,,
136,4.53333333,0,,,0,0,lost,,,,
137,4.56666667,0,,,0,0,lost,,,,
138,4.6,0,,,0,0,lost,,,,
139,4.63333333,0,,,0,0,lost,,,,
140,4.66666667,0,,,0,0,lost,,,,
141,4.7,0,,,0,0,lost,,,,
142,4.73333333,0,,,0,0,lost,,,,
143,4.76666667,0,,,0,0,lost,,,,
144,4.8,0,,,0,0,lost,,,,
145,4.83333333,0,,,0,0,lost,,,,
146,4.86666667,0,,,0,0,lost,,,,
147,4.9,0,,,0,0,lost,,,,
148,4.93333333,0,,,0,0,lost,,,,
149,4.96666667,0,,,0,0,lost,,,,
150,5,0,,,0,0,lost,,,,
151,5.03333333,0,,,0,0,lost,,,,
152,5.06666667,0,,,0,0,lost,,,,
153,5.1,0,,,0,0,lost,,,,
154,5.13333333,0,,,0,0,lost,,,,
155,5.16666667,0,,,0,0,lost,,,,
156,5.2,0,,,0,0,lost,,,,
157,5.23333333,0,,,0,0,lost,,,,
158,5.26666667,0,,,0,0,lost,,,,
159,5.3,0,,,0,0,lost,,,,
160,5.33333333,0,,,0,0,lost,,,,
161,5.36666667,0,,,0,0,lost,,,,
162,5.4,0,,,0,0,lost,,,,
163,5.43333333,0,,,0,0,lost,,,,
164,5.46666667,0,,,0,0,lost,,,,
165,5.5,0,,,0,0,lost,,,,
166,5.53333333,0,,,0,0,lost,,,,
167,5.56666667,0,,,0,0,lost,,,,
168,5.6,0,,,0,0,lost,,,,
169,5.63333333,0,,,0,0,lost,,,,
170,5.66666667,0,,,0,0,lost,,,,
171,5.7,0,,,0,0,lost,,,,
172,5.73333333,0,,,0,0,lost,,,,
173,5.76666667,0,,,0,0,lost,,,,
174,5.8,0,,,0,0,lost,,,,
175,5.83333333,0,,,0,0,lost,,,,
176,5.86666667,0,,,0,0,lost,,,,
177,5.9,0,,,0,0,lost,,,,
178,5.93333333,0,,,0,0,lost,,,,
179,5.96666667,0,,,0,0,lost,,,,
180,6,0,,,0,0,lost,,,,
181,6.03333333,0,,,0,0,lost,,,,
182,6.06666667,0,,,0,0,lost,,,,
183,6.1,0,,,0,0,lost,,,,
184,6.13333333,0,,,0,0,lost,,,,
185,6.16666667,0,,,0,0,lost,,,,
186,6.2,0,,,0,0,lost,,,,
187,6.23333333,0,,,0,0,lost,,,,
188,6.26666667,0,,,0,0,lost,,,,
189,6.3,0,,,0,0,lost,,,,
190,6.33333333,0,,,0,0,lost,,,,
191,6.36666667,0,,,0,0,lost,,,,
192,6.4,0,,,0,0,lost,,,,
193,6.43333333,0,,,0,0,lost,,,,
194,6.46666667,0,,,0,0,lost,,,,
195,6.5,0,,,0,0,lost,,,,
196,6.53333333,0,,,0,0,lost,,,,
197,6.56666667,0,,,0,0,lost,,,,
198,6.6,0,,,0,0,lost,,,,
199,6.63333333,1,753.83905,487.222229,0.797660819,1,detected,761.622498,699.190979,-1.53409302,initial_acquisition
200,6.66666667,1,753.025635,491.996338,0.820512821,1,detected,759.653137,704.483826,-1.53961635,
201,6.7,1,751.011047,501.680145,0.802768166,1,detected,755.119385,714.307312,-1.55147696,
202,6.73333333,1,750.92157,505.25882,0.753186559,1,detected,753.850647,717.668213,-1.55700743,
203,6.76666667,1,750.940063,507.509369,0.785550459,1,detected,752.672913,720.184631,-1.56264865,
204,6.8,1,751.003845,510.540527,0.847607053,1,detected,750.118164,723.131775,-1.57496238,
205,6.83333333,1,751.14447,511.539917,0.813160987,1,detected,748.922363,724.243652,-1.58124292,
206,6.86666667,1,751.251831,512.211121,0.843043995,1,detected,747.876892,724.832458,-1.58666801,
207,6.9,1,751.673096,513.584595,0.788461538,1,detected,745.727051,725.985168,-1.59878349,
208,6.93333333,1,751.865906,513.678162,0.835802469,1,detected,744.670471,726.279968,-1.60462809,
209,6.96666667,1,752.73407,514.149841,0.844362745,1,detected,743.143066,726.787537,-1.61587059,
210,7,1,753.212952,514.376404,0.853658537,1,detected,742.167175,726.860596,-1.62273359,
211,7.03333333,1,753.079041,514.596863,0.830258303,1,detected,739.566406,726.933655,-1.63434839,
212,7.06666667,1,753.047791,514.756958,0.80952381,1,detected,738.314209,726.805603,-1.64016688,
213,7.1,1,752.980103,514.733093,0.807551766,1,detected,736.849304,726.784973,-1.64672017,
214,7.13333333,1,752.894714,515.161926,0.760595647,1,detected,734.158875,726.768555,-1.65910685,
215,7.16666667,1,752.971863,515.228943,0.784064665,1,detected,733.144104,726.826172,-1.66422868,
216,7.2,1,752.938232,515.420837,0.76300578,1,detected,732.09552,726.793945,-1.66908479,
217,7.23333333,1,752.447754,515.779846,0.872817955,1,detected,728.972473,726.89093,-1.68154001,
218,7.26666667,1,752.069214,515.638489,0.852315394,1,detected,727.404602,726.784485,-1.68708241,
219,7.3,1,751.691711,515.371521,0.764207981,1,detected,724.192383,725.933899,-1.70066071,
220,7.33333333,1,751.471313,515.143433,0.75147232,1,detected,722.784485,725.544434,-1.70630431,
221,7.36666667,1,751.187012,514.890259,0.769792935,1,detected,721.224548,725.221863,-1.71229768,
222,7.4,1,750.531738,515.277771,0.77443609,1,detected,718.23114,725.137756,-1.72351289,
223,7.43333333,1,750.339539,515.798523,0.869240349,1,detected,715.342224,725.368347,-1.7362653,
224,7.46666667,1,750.429077,515.854492,0.864931846,1,detected,714.328796,725.193665,-1.74156547,
225,7.5,1,751.023254,515.480591,0.805194805,1,detected,713.528015,724.605774,-1.74820697,
226,7.53333333,1,752.237549,514.724121,0.924629879,1,detected,712.612366,723.293457,-1.75854445,
227,7.56666667,1,752.920471,514.083313,0.81227863,1,detected,711.965393,722.669922,-1.76467562,
228,7.6,1,753.758972,514.147461,0.863247863,1,detected,711.494934,722.469788,-1.77095771,
229,7.63333333,1,754.582703,515.374023,0.787688442,1,detected,710.011414,722.783508,-1.78247225,
230,7.66666667,1,754.94342,515.5849,0.789170507,1,detected,709.106628,722.919128,-1.78837347,
231,7.7,1,754.925354,513.746277,0.794219653,1,detected,707.043701,720.604675,-1.79826105,
232,7.73333333,1,757.675964,505.794434,0.832744405,1,detected,709.217041,712.290222,-1.80129802,
233,7.76666667,1,763.879333,492.327576,0.88681592,1,detected,714.489563,698.575439,-1.80583823,
234,7.8,1,774.350159,467.671478,0.860805861,1,detected,722.259277,672.702271,-1.81959593,
235,7.83333333,1,780.65741,456.117645,0.834750911,1,detected,727.214111,661.079163,-1.82586479,
236,7.86666667,1,794.375427,432.463165,0.928112965,1,detected,738.737122,636.937988,-1.83646762,
237,7.9,1,797.155457,423.660767,0.773714286,1,detected,740.410461,627.556091,-1.84223211,
238,7.93333333,1,798.602966,417.525726,0.827757125,1,detected,740.725769,621.11377,-1.84777486,
239,7.96666667,1,801.548279,398.872406,0.850690088,1,detected,741.683289,601.98291,-1.8574214,
240,8,1,802.25885,385.425537,0.893265565,1,detected,740.950989,587.607971,-1.86521411,
241,8.03333333,1,799.349976,380.221436,0.809178744,1,detected,733.71283,581.601379,-1.88587534,
242,8.06666667,1,800.328369,387.414185,0.870967742,1,detected,734.111328,588.019043,-1.88962221,
243,8.1,1,804.066895,393.542755,0.837804878,1,detected,738.061462,594.407898,-1.88828599,
244,8.13333333,1,798.675171,394.755463,0.882430647,1,detected,731.436829,595.277161,-1.8943311,
245,8.16666667,1,794.390503,389.71167,0.828606658,1,detected,725.548035,589.335266,-1.90288591,
246,8.2,1,790.325989,391.732605,0.863468635,1,detected,718.419434,590.140564,-1.91849053,
247,8.23333333,1,794.489258,390.585724,0.897905759,1,detected,721.419922,588.836914,-1.92391741,
248,8.26666667,1,796.252747,393.553101,0.850306748,1,detected,720.737061,590.442261,-1.93703663,
249,8.3,1,792.263733,399.516479,0.852760736,1,detected,715.679199,596.022156,-1.94241965,
250,8.33333333,1,794.333313,403.106049,0.889453621,1,detected,717.249207,599.487549,-1.94483972,
251,8.36666667,1,797.068848,418.840576,0.902313625,1,detected,717.550598,614.561951,-1.95670724,
252,8.4,1,800.626831,428.836945,0.88304862,1,detected,719.572815,623.723328,-1.96493733,
253,8.43333333,1,812.395752,443.692566,0.845398773,1,detected,729.4646,637.560486,-1.97501194,
254,8.46666667,1,817.312744,453.97937,0.801605505,1,detected,733.598816,648.199036,-1.97776079,
255,8.5,1,820.476379,474.858185,0.906127771,1,detected,735.853333,668.255371,-1.98325789,
256,8.53333333,1,824.450562,480.868134,0.919736842,1,detected,739.229553,673.78894,-1.98676074,
257,8.56666667,1,828.242737,485.786224,0.862745098,1,detected,741.725403,678.179138,-1.99339306,
258,8.6,1,834.278381,497.304016,0.869731801,1,detected,745.26825,688.590088,-2.00632095,
259,8.63333333,1,837.431824,502.753784,0.811965812,1,detected,746.620789,693.459717,-2.01520991,
260,8.66666667,1,838.893005,501.985229,0.813953488,1,detected,747.466492,692.268494,-2.01870298,
261,8.7,1,840.844727,501.443176,0.764571429,1,detected,746.91449,690.230225,-2.03247881,
262,8.73333333,1,841.68512,502.076111,0.853396901,1,detected,746.516418,690.349792,-2.03881884,
263,8.76666667,1,843.396301,501.470367,0.779083431,1,detected,747.027832,688.84082,-2.04583454,
264,8.8,1,845.39325,493.022461,0.81294964,1,detected,747.328369,679.387695,-2.0551815,
265,8.83333333,1,845.24823,488.035461,0.813380282,1,detected,746.133118,674.126282,-2.06019568,
266,8.86666667,1,846.236633,483.274811,0.880102041,1,detected,744.962463,667.344055,-2.07379007,
267,8.9,1,846.808411,481.13028,0.85377943,1,detected,744.41864,664.753235,-2.07946253,
268,8.93333333,1,847.337158,479.091949,0.813784764,1,detected,743.783691,661.831726,-2.08634901,
269,8.96666667,1,846.954224,476.671753,0.818965517,1,detected,741.579407,658.590637,-2.09581184,
270,9,1,847.209412,475.956665,0.835855646,1,detected,740.04126,656.708008,-2.10598159,
271,9.03333333,1,847.149109,475.69455,0.778164925,1,detected,738.865051,655.561462,-2.11270213,
272,9.06666667,1,849.730347,473.411987,0.796650718,1,detected,739.307312,651.748596,-2.1252017,
273,9.1,1,850.775208,473.042633,0.817490494,1,detected,739.453674,650.962891,-2.12988615,
274,9.13333333,1,850.264709,473.658081,0.866336634,1,detected,738.248352,650.761047,-2.13476562,
275,9.16666667,1,848.964661,459.689056,0.797752809,1,detected,735.097656,635.741028,-2.14490509,
276,9.2,1,849.298889,455.468628,0.777256741,1,detected,734.015808,630.069824,-2.1543541,
277,9.23333333,1,843.043335,465.873657,0.822376009,1,detected,725.410461,639.012329,-2.16757226,
278,9.26666667,1,844.359985,469.894531,0.834987593,1,detected,726.35675,642.362366,-2.17084241,
279,9.3,1,845.729187,473.986115,0.848989298,1,detected,726.795898,645.811096,-2.1762526,
280,9.33333333,1,840.950378,485.638306,0.761041903,1,detected,720.617493,656.36792,-2.18474698,
281,9.36666667,1,837.986084,482.420135,0.90897598,1,detected,716.667969,652.712952,-2.18980193,
282,9.4,1,841.447571,474.234253,0.818501171,1,detected,717.325195,642.153137,-2.2073369,
283,9.43333333,1,840.931396,476.714813,0.843636364,1,detected,715.974609,643.678955,-2.21327591,
284,9.46666667,1,845.400696,485.454865,0.792540793,1,detected,718.991516,651.021423,-2.22287822,
285,9.5,1,847.359985,491.345459,0.816502463,1,detected,720.175781,656.28241,-2.22767019,
286,9.53333333,1,846.985107,501.47583,0.746835443,1,detected,718.885559,665.470886,-2.23391771,
287,9.56666667,1,847.127197,503.703186,0.780068729,1,detected,718.321594,667.17926,-2.23812628,
288,9.6,1,848.077454,495.983154,0.847238543,1,detected,718.196533,658.215027,-2.24589586,
289,9.63333333,1,849.854675,466.055359,0.857655502,1,detected,717.205383,625.732361,-2.26399922,
290,9.66666667,1,844.531677,466.672546,0.903394256,1,detected,710.445984,625.298279,-2.27255321,
291,9.7,1,842.229675,472.657257,0.922779923,1,detected,707.364685,630.374329,-2.27824783,
292,9.73333333,1,850.238464,479.711731,0.859733978,1,detected,714.759583,636.525818,-2.28333116,
293,9.76666667,1,850.254456,487.666656,0.856622114,1,detected,713.898926,643.318665,-2.29020834,
294,9.8,1,847.438782,509.914978,0.816820276,1,detected,709.521912,664.431274,-2.29949212,
295,9.83333333,1,855.735413,522.061829,0.850887574,1,detected,716.517639,675.046509,-2.30911493,
296,9.86666667,1,858.865723,525.862183,0.850835322,1,detected,718.573059,678.355042,-2.31454921,
297,9.9,1,860.284241,532.164917,0.846338535,1,detected,719.538757,683.542969,-2.31981301,
298,9.93333333,1,860.472351,544.78595,0.913043478,1,detected,718.80249,695.240784,-2.32613087,
299,9.96666667,1,858.730225,537.14386,0.847435897,1,detected,716.653809,687.086426,-2.32926393,
300,10,1,857.322205,521.374084,0.781690141,1,detected,712.523865,668.332458,-2.34879112,
301,10.0333333,1,856.2948,523.276123,0.833548387,1,detected,710.657959,668.868591,-2.35634685,
302,10.0666667,1,862.916687,523.382568,0.781105991,1,detected,716.204102,667.480042,-2.36518669,
303,10.1,1,866.010742,524,0.870257038,1,detected,718.440247,667.057617,-2.37172127,
304,10.1333333,1,865.051636,526.450195,0.834319527,1,detected,716.673889,668.906311,-2.37655258,
305,10.1666667,1,865.014954,532.4776,0.83353151,1,detected,715.599915,673.824646,-2.38393521,
306,10.2,1,869.088562,533.977844,0.822429907,1,detected,717.964172,672.883545,-2.39829874,
307,10.2333333,1,869.805664,534.116638,0.860240964,1,detected,717.858093,672.036804,-2.40454912,
308,10.2666667,1,870.332153,540.153564,0.855407047,1,detected,717.30011,676.456055,-2.41395092,
309,10.3,1,871.332153,543.429626,0.790697674,1,detected,717.966125,679.103577,-2.41732812,
310,10.3333333,1,872.047607,545.641052,0.859241126,1,detected,718.116638,680.487976,-2.42218399,
311,10.3666667,1,871.608337,548.870728,0.838668374,1,detected,715.954285,681.573547,-2.43562031,
312,10.4,1,872.078918,550.977417,0.851851852,1,detected,715.71759,682.428467,-2.44252968,
313,10.4333333,1,866.340759,539.281494,0.866837388,1,detected,708.859924,668.635376,-2.45394182,
314,10.4666667,1,862.18866,533.335876,0.85971686,1,detected,703.773682,661.247009,-2.46232939,
315,10.5,1,854.164856,536.232971,0.881188119,1,detected,694.365417,661.90979,-2.47515893,
316,10.5333333,1,856.281494,536.818542,0.918097754,1,detected,695.744873,661.748474,-2.48028517,
317,10.5666667,1,858.789856,539.847839,0.846338535,1,detected,697.924622,663.916321,-2.4846251,
318,10.6,1,858.243042,552.069458,0.847800238,1,detected,696.45343,673.939575,-2.49600649,
319,10.6333333,1,864.274353,557.714783,0.853658537,1,detected,701.699219,678.566895,-2.50235367,
320,10.6666667,1,866.286743,560.405029,0.87053021,1,detected,703.049072,680.157227,-2.50866628,
321,10.7,1,867.510437,564,0.839243499,1,detected,703.612061,682.425659,-2.51588869,
322,10.7333333,1,872.893921,571.234863,0.816686251,1,detected,708.081238,687.649353,-2.52662158,
323,10.7666667,1,874.875427,575.747314,0.798423423,1,detected,709.376526,691.289795,-2.53211164,
324,10.8,1,875.947388,581.417297,0.798076923,1,detected,709.444092,694.937317,-2.54319406,
325,10.8333333,1,876.399292,582.410095,0.864864865,1,detected,709.450989,694.893738,-2.54869318,
326,10.8666667,1,877.562927,584.080444,0.848629321,1,detected,709.819824,695.767395,-2.55417538,
327,10.9,1,878.067139,589.324646,0.85133418,1,detected,709.19458,698.49585,-2.56770229,
328,10.9333333,1,877.884033,589.663025,0.84764208,1,detected,708.6828,697.93634,-2.5723443,
329,10.9666667,1,876.377686,590.370483,0.863979849,1,detected,706.276428,696.790344,-2.5825429,
330,11,1,875.787292,591.138062,0.846813725,1,detected,704.757874,695.212646,-2.59493303,
331,11.0333333,1,874.973694,591.556396,0.786620531,1,detected,703.723328,694.40625,-2.60074544,
332,11.0666667,1,875.380432,591.615967,0.81183432,1,detected,703.725769,693.5578,-2.60568714,
333,11.1,1,878.182129,590.977722,0.8825,1,detected,705.266846,690.738586,-2.61830544,
334,11.1333333,1,878.392883,591.864258,0.833948339,1,detected,705.298035,690.499451,-2.62365007,
335,11.1666667,1,879.785706,593.436096,0.798561151,1,detected,705.662292,689.661316,-2.6367352,
336,11.2,1,881.011169,592.43866,0.831553974,1,detected,706.500244,687.774231,-2.64159346,
337,11.2333333,1,881.354858,592.308228,0.814946619,1,detected,706.313171,686.797058,-2.64660835,
338,11.2666667,1,880.320923,595.179077,0.884955752,1,detected,704.813477,687.153992,-2.65888953,
339,11.3,1,880.321411,596.232117,0.867647059,1,detected,704.538757,687.213806,-2.66397977,
340,11.3333333,1,878.94812,599.492615,0.783845279,1,detected,702.320557,688.355408,-2.67546153,
341,11.3666667,1,877.326111,601.623169,0.815384615,1,detected,700.717041,689.490417,-2.67992783,
342,11.4,1,877.460388,604.71698,0.83107275,1,detected,699.781555,690.358582,-2.69244671,
343,11.4333333,1,876.955566,606.137024,0.82803298,1,detected,698.907532,690.802917,-2.69771791,
344,11.4666667,1,877.35144,609.681152,0.817319098,1,detected,698.748047,691.742432,-2.71089888,
345,11.5,1,878.033813,611.428589,0.82396088,1,detected,699.245667,692.351318,-2.7165637,
346,11.5333333,1,878.041687,613.431824,0.816625917,1,detected,698.702942,693.251038,-2.72284174,
347,11.5666667,1,877.426453,616.5,0.835965978,1,detected,697.63208,694.058899,-2.73433423,
348,11.6,1,876.841309,617.811829,0.79976985,1,detected,696.839844,694.466125,-2.73899913,
349,11.6333333,1,875.859619,620.263184,0.864570738,1,detected,695.287292,694.474854,-2.75165653,
350,11.6666667,1,874.920166,621.231934,0.818181818,1,detected,694.167908,694.172668,-2.75803852,
351,11.7,1,874.516479,622.22345,0.855263158,1,detected,693.434326,694.270752,-2.76292324,
352,11.7333333,1,874.751892,627.368408,0.810843373,1,detected,693.148743,696.877136,-2.77604437,
353,11.7666667,1,874.901489,630.17804,0.81227863,1,detected,693.037048,698.700745,-2.78126311,
354,11.8,1,875.569397,633.843445,0.835714286,1,detected,693.594971,700.082581,-2.79249835,
355,11.8333333,1,874.927185,635.333313,0.756849315,1,detected,692.804504,700.363586,-2.79863453,
356,11.8666667,1,875.015381,636.434631,0.821556886,1,detected,692.153748,699.355652,-2.81019163,
357,11.9,1,874.905273,636.280273,0.822829964,1,detected,691.864258,697.955261,-2.81659389,
358,11.9333333,1,873.886108,636.117432,0.863912515,1,detected,690.875305,695.215088,-2.82924414,
359,11.9666667,1,873.300781,636.518799,0.826617827,1,detected,689.783447,694.725586,-2.83445597,
360,12,1,872.667969,637.496155,0.752272727,1,detected,689.193787,694.459717,-2.84055662,
361,12.0333333,1,871.462891,637.879883,0.827626919,1,detected,687.782227,692.379578,-2.853158,
362,12.0666667,1,871.275635,637.954041,0.823529412,1,detected,687.388489,691.236877,-2.85955811,
363,12.1,1,870.83844,640.984619,0.808235294,1,detected,686.682434,691.973206,-2.87148213,
364,12.1333333,1,870.935364,642.37262,0.835534214,1,detected,686.645203,692.576111,-2.87563086,
365,12.1666667,1,870.194946,644.137207,0.871763255,1,detected,685.962219,692.694336,-2.8838892,
366,12.2,1,868.244507,647.810242,0.86100861,1,detected,683.692566,693.958008,-2.89656401,
367,12.2333333,1,867.174561,649.698181,0.784633295,1,detected,682.759277,693.754578,-2.90709019,
368,12.2666667,1,866.921326,650.460693,0.833134684,1,detected,682.075134,693.212646,-2.91430521,
369,12.3,1,866.682678,651.67157,0.762119504,1,detected,681.862061,693.13501,-2.92090249,
370,12.3333333,1,868.307678,653.915771,0.869888476,1,detected,683.386292,693.062683,-2.93297768,
371,12.3666667,1,868.528076,655.722839,0.836904762,1,detected,683.71875,693.690002,-2.93897223,
372,12.4,1,867.970032,658.887634,0.894875164,1,detected,683.12616,694.588806,-2.9507997,
373,12.4333333,1,867.526855,659.838684,0.84375,1,detected,682.989807,694.533875,-2.95574999,
374,12.4666667,1,867.085632,660.871582,0.830732293,1,detected,682.114746,694.384277,-2.96235871,
375,12.5,1,865.914307,662.385742,0.875768758,1,detected,681.144409,693.455994,-2.9749949,
376,12.5333333,1,865.950745,663.030273,0.858385093,1,detected,681.165344,692.806641,-2.98182583,
377,12.5666667,1,865.892578,663.674072,0.841849148,1,detected,681.268005,692.067566,-2.9889977,
378,12.6,1,866.125,666.117859,0.859926918,1,detected,681.65094,692.241699,-3.00091553,
379,12.6333333,1,867.32196,669.064392,0.81272509,1,detected,682.911072,692.979187,-3.01263022,
380,12.6666667,1,867.32196,671.098511,0.81272509,1,detected,682.849121,693.850342,-3.01887798,
381,12.7,1,867.209106,673.098877,0.801197605,1,detected,682.757141,694.468567,-3.02625179,
382,12.7333333,1,867.806091,675.479065,0.808252427,1,detected,683.529724,694.521729,-3.03862071,
383,12.7666667,1,867.831482,676.545776,0.879052369,1,detected,683.522949,694.66626,-3.0435915,
384,12.8,1,867.368774,678.028381,0.827423168,1,detected,683.563538,695.060242,-3.04919386,
385,12.8333333,1,867.899292,681.82373,0.863247863,1,detected,684.314392,696.402527,-3.06234717,
386,12.8666667,1,867.767578,683.904907,0.854567308,1,detected,684.224792,697.347839,-3.06848168,
387,12.9,1,867.871338,685.658081,0.860294118,1,detected,684.404541,697.93927,-3.07475281,
388,12.9333333,1,867.943848,688.140381,0.865454545,1,detected,685.038269,698.043274,-3.08750343,
389,12.9666667,1,868.319702,689.605957,0.84729064,1,detected,685.396179,698.128479,-3.09503579,
390,13,1,869.672668,690.287781,0.840963855,1,detected,686.952209,697.038879,-3.1046617,
391,13.0333333,1,870.251892,691.161682,0.872955975,1,detected,687.699646,696.113953,-3.11447144,
392,13.0666667,1,870.485168,692.318542,0.850961538,1,detected,688.372131,695.426819,-3.1245265,
393,13.1,1,870.175354,693.194031,0.872180451,1,detected,688.321777,694.970764,-3.13182282,
394,13.1333333,1,868.600769,694.343262,0.840686275,1,detected,687.374512,693.796631,3.13857627,
395,13.1666667,1,867.700745,695.375,0.791860465,1,detected,686.547852,693.344543,3.13038468,
396,13.2,1,866.802307,695.51709,0.764302059,1,detected,686.065247,692.792542,3.1265192,
397,13.2333333,1,864.268127,696.344177,0.878109453,1,detected,683.972595,691.134949,3.11270785,
398,13.2666667,1,862.711548,696.907715,0.851804124,1,detected,682.774109,690.330566,3.10505652,
399,13.3,1,861.4776,697.485046,0.788849348,1,detected,681.753235,689.454773,3.09694123,
400,13.3333333,1,858.122681,702.933105,0.900393185,1,detected,678.880859,692.652832,3.08430123,
401,13.3666667,1,855.992859,706.334534,0.877149877,1,detected,677.117981,694.837158,3.07740498,
402,13.4,1,854.074097,709.414795,0.856416773,1,detected,675.739075,695.430847,3.06333876,
403,13.4333333,1,852.227417,710.299622,0.863636364,1,detected,674.455017,695.414062,3.05805373,
404,13.4666667,1,851.490723,710.494446,0.839460784,1,detected,674.159607,693.570312,3.04644275,
405,13.5,1,850.845032,709.900391,0.797701149,1,detected,674.197937,691.707825,3.03896618,
406,13.5333333,1,850.147034,709.977966,0.867410161,1,detected,673.5755,690.303223,3.03062391,
407,13.5666667,1,849.094177,709.847839,0.780487805,1,detected,673.409912,688.127441,3.01858377,
408,13.6,1,849.054077,710.698853,0.818509615,1,detected,673.77002,687.880066,3.01213884,
409,13.6333333,1,847.730225,712.266174,0.858536585,1,detected,673.105042,686.789978,2.99672389,
410,13.6666667,1,847.026611,714.536133,0.838554217,1,detected,672.109497,685.930054,2.97948694,
411,13.7,1,845.867371,718.175598,0.874692875,1,lost,,,,
412,13.7333333,1,844.738831,722.653015,0.864276569,1,detected,671.58197,692.871277,2.97126627,
413,13.7666667,1,842.510864,724.195679,0.820665083,1,detected,670.13446,693.342041,2.96447825,
414,13.8,1,841.211548,724.711548,0.829297821,1,detected,669.480957,691.660339,2.95145774,
415,13.8333333,1,840.483398,724.273071,0.852163462,1,detected,669.246521,689.947021,2.94375539,
416,13.8666667,1,839.519104,723.519104,0.799274486,1,detected,669.200134,686.964844,2.93017745,
417,13.9,1,839.093018,722.550415,0.841019417,1,detected,669.24469,685.050842,2.9242959,
418,13.9333333,1,838.333313,722.711121,0.933422104,1,detected,669.010498,683.841797,2.91594458,
419,13.9666667,1,836.164795,725.60675,0.851301115,1,detected,667.892151,683.803894,2.89809847,
420,14,1,836.126892,727.585815,0.826245443,1,detected,668.361328,685.073792,2.89341521,
421,14.0333333,1,832.938171,731.923645,0.803203661,1,detected,666.194641,687.478333,2.88110018,
422,14.0666667,1,830.760437,732.349792,0.854368932,1,detected,664.369568,686.93634,2.87514973,
423,14.1,1,828.097473,732.065002,0.873308733,1,detected,662.448425,685.358826,2.8667686,
424,14.1333333,1,824.945251,731.850342,0.806896552,1,detected,660.44397,683.023987,2.85306096,
425,14.1666667,1,824.055359,731.712158,0.856441718,1,detected,660.163086,681.541687,2.84453201,
426,14.2,1,823.03772,731.222656,0.812652068,1,detected,660.333801,678.942932,2.83069444,
427,14.2333333,1,822.40979,731.552612,0.8488228,1,detected,660.286011,677.958801,2.82232809,
428,14.2666667,1,820.849243,731.643372,0.78093076,1,detected,659.748474,676.00415,2.80904937,
429,14.3,1,820.5,732.314819,0.839712919,1,detected,660.344482,675.857605,2.80267906,
430,14.3333333,1,820.290466,733.658081,0.851897185,1,detected,660.429504,675.690857,2.79372835,
431,14.3666667,1,818.804504,734.571411,0.88816645,1,detected,660.204041,674.939209,2.78195429,
432,14.4,1,816.442383,734.498169,0.913043478,1,detected,658.593994,673.585144,2.77330399,
433,14.4333333,1,814.970886,733.672729,0.794084187,1,detected,657.512146,671.637756,2.76629019,
434,14.4666667,1,812.228271,731.847839,0.862745098,1,detected,656.073242,667.729309,2.75197482,
435,14.5,1,810.682861,731.365662,0.849367089,1,detected,655.466003,666.067322,2.74337745,
436,14.5333333,1,808.301453,730.819824,0.920948617,1,detected,654.314087,663.789062,2.73102999,
437,14.5666667,1,807.059937,731.565552,0.796531792,1,detected,653.834167,663.122314,2.72150111,
438,14.6,1,805.567688,735.466187,0.796650718,1,detected,653.690186,665.120544,2.70783782,
439,14.6333333,1,805.829834,736.211792,0.903144654,1,detected,654.556213,665.070801,2.70200229,
440,14.6666667,1,805.830994,736.299316,0.892812106,1,detected,655.178467,664.040527,2.69436622,
441,14.7,1,802.902893,735.863281,0.786199095,1,detected,653.944641,661.774963,2.68004608,
442,14.7333333,1,801.958984,735.373108,0.842839037,1,detected,653.234436,659.830872,2.67161822,
443,14.7666667,1,798.386047,734.841919,0.920948617,1,detected,651.528564,657.518677,2.65695572,
444,14.8,1,796.579773,735.128418,0.84596577,1,detected,650.653931,656.600281,2.64790273,
445,14.8333333,1,795.458984,735.481323,0.780660377,1,detected,649.976868,655.799744,2.64051151,
446,14.8666667,1,790.780273,737.481079,0.807971014,1,detected,647.022522,655.728943,2.62452126,
447,14.9,1,789.116272,737.507751,0.779601407,1,detected,646.127502,654.84259,2.61741424,
448,14.9333333,1,788.173584,737.109436,0.846743295,1,detected,645.923035,653.728088,2.611413,
449,14.9666667,1,785.091919,737.595581,0.808975834,1,detected,644.68866,652.323792,2.5957973,
450,15,1,783.122192,737.548157,0.810404624,1,detected,644.262268,650.322937,2.58072948,
451,15.0333333,1,782.14801,738.202148,0.852618758,1,detected,644.074402,649.886108,2.57254195,
452,15.0666667,1,781.778198,738.954895,0.848708487,1,detected,644.2453,649.770264,2.56630063,
453,15.1,1,780.778992,739.942017,0.849033816,1,detected,644.973816,649.065369,2.55185962,
454,15.1333333,1,779.787903,741.549255,0.816524909,1,detected,644.843262,649.289673,2.54190063,
455,15.1666667,1,778.124084,743.432312,0.799752781,1,detected,643.819641,650.393005,2.53574967,
456,15.2,1,774.956055,747.754578,0.768873403,1,detected,642.852783,653.185547,2.52029371,
457,15.2333333,1,773.51416,750.060303,0.844311377,1,detected,641.967346,654.363159,2.51266336,
458,15.2666667,1,771.383789,751.933105,0.825471698,1,detected,640.692444,655.363525,2.50522494,
459,15.3,1,768.592468,753.37738,0.823308271,1,lost,,,,
460,15.3333333,1,767.332031,753.397705,0.788293898,1,lost,,,,
461,15.3666667,1,765.757141,754.057129,0.854545455,0,lost,,,,clear_structure_absence
462,15.4,1,763.514954,757.5,0.789099526,2,detected,970.471436,794.705872,-0.177876264,clear_structure_absence_reacquire
463,15.4333333,1,761.257568,761.473511,0.757611241,2,detected,967.85614,801.308655,-0.190476716,
464,15.4666667,1,761.028992,762.130432,0.779640719,2,detected,967.677063,803.145447,-0.195931301,
465,15.5,1,760.453247,761.931641,0.793706294,2,detected,966.956299,804.127441,-0.201560333,
466,15.5333333,1,743.236206,722.78833,0.775141243,2,detected,948.462952,766.847656,-0.211476088,
467,15.5666667,1,729.731323,687.047791,0.811915888,2,detected,933.772095,732.963623,-0.221345514,
468,15.6,1,707.128662,653.526306,0.811366385,2,detected,909.697388,702.404968,-0.23676835,
469,15.6333333,1,658.956543,603.850952,0.812056738,2,detected,859.451965,657.896606,-0.263302207,
470,15.6666667,1,636.969482,578.844482,0.801909308,2,detected,836.57373,634.583252,-0.27230978,
471,15.7,1,614.450134,554.713013,0.78613396,2,detected,812.435303,612.892151,-0.285810649,
472,15.7333333,1,565.693787,524.2052,0.804705882,2,detected,763.463074,585.9505,-0.302619487,
473,15.7666667,1,543.589661,513.779297,0.811778291,2,detected,740.584961,577.339355,-0.312102765,
474,15.8,1,523.339294,487.539276,0.797590361,2,detected,719.682617,553.74408,-0.325216591,
475,15.8333333,1,514.171448,472.342865,0.832911392,2,detected,710.301697,540.739319,-0.335542738,
476,15.8666667,1,502.22052,455.798492,0.850374065,2,detected,697.409424,527.234802,-0.350844234,
477,15.9,1,500.810822,451.745178,0.829207921,2,detected,695.919189,524.087891,-0.35506779,
478,15.9333333,1,501.915985,449.343994,0.773170732,2,detected,696.838196,521.658936,-0.355253816,
479,15.9666667,1,500.355469,445.707031,0.825062035,2,detected,693.917664,521.264343,-0.37216121,
480,16,1,502.178436,447.195007,0.789915966,2,detected,695.618713,523.399353,-0.375273526,
481,16.0333333,1,512.264343,447.750946,0.828606658,2,detected,704.684143,526.804382,-0.389814734,
482,16.0666667,1,515.671875,449.730469,0.812113721,2,detected,707.431702,530.645325,-0.39929238,
483,16.1,1,517.066956,453.355652,0.778606965,2,detected,708.859497,534.167725,-0.398776263,
484,16.1333333,1,524.034607,459.696167,0.83065513,2,detected,714.802734,542.90918,-0.41131857,
485,16.1666667,1,525.711975,464.467987,0.799037304,2,detected,716.101074,548.216797,-0.414408326,
486,16.2,1,528.418396,471.364014,0.782389937,2,detected,718.086731,557.110535,-0.424587846,
487,16.2333333,1,533.445862,474.375,0.759951749,2,detected,722.063965,562.204773,-0.435790896,
488,16.2666667,1,534.89624,476.618256,0.764361079,2,detected,723.189636,565.447266,-0.44080025,
489,16.3,1,536.036865,479.479523,0.794007491,2,detected,723.177734,570.547852,-0.45289436,
490,16.3333333,1,537.137085,480.016144,0.816625917,2,detected,723.629456,572.573792,-0.460689634,
491,16.3666667,1,537.823059,479.119354,0.785714286,2,detected,723.286316,573.637573,-0.471324384,
492,16.4,1,538.326355,479.271973,0.792383292,2,detected,723.447693,574.718506,-0.47604093,
493,16.4333333,1,539.40509,477.257385,0.729828851,2,detected,723.300049,574.737366,-0.487424999,
494,16.4666667,1,542.549561,472.49173,0.785024155,2,detected,726.223816,571.151489,-0.492920399,
495,16.5,1,543.422607,470.21756,0.76541717,2,detected,725.856323,571.273865,-0.505858839,
496,16.5333333,1,544.116943,468.278229,0.818849449,2,lost,,,,
497,16.5666667,1,544.555542,466.935883,0.75739645,2,lost,,,,
498,16.6,1,544.274536,461.84314,0.838143036,2,detected,723.94397,566.765137,-0.528551161,
499,16.6333333,1,545.984375,455.6875,0.831670823,2,detected,724.731018,564.034546,-0.544928372,
500,16.6666667,1,547.654175,453.320831,0.750614251,2,detected,725.828857,563.318176,-0.553084195,
501,16.7,1,548.827759,451.079834,0.763788969,2,detected,726.536316,561.43573,-0.555713236,
502,16.7333333,1,551.406494,445.569092,0.769889841,2,detected,727.314453,557.82489,-0.568000197,
503,16.7666667,1,552.442566,443.055328,0.735468565,2,detected,727.859802,555.986206,-0.571993291,
504,16.8,1,554.8125,437.035706,0.705128205,2,detected,730.550293,549.958313,-0.571129322,
505,16.8333333,1,556.192017,433.787994,0.833543506,2,detected,729.795471,549.724121,-0.588801682,
506,16.8666667,1,558.028015,431.596008,0.825376884,2,detected,730.88678,548.637634,-0.59518683,
507,16.9,1,559.5,430.290588,0.763414634,2,detected,731.144714,549.254211,-0.606066942,
508,16.9333333,1,560.029541,430.337555,0.822277847,2,detected,730.970215,550.333435,-0.61204946,
509,16.9666667,1,561.013733,430.756866,0.712121212,2,detected,731.056946,551.453613,-0.617273211,
510,17,1,562.042908,431.386261,0.785260483,2,detected,731.329834,554.598389,-0.629160762,
511,17.0333333,1,563.602539,431.510468,0.766459627,2,detected,730.830322,556.920349,-0.643459201,
512,17.0666667,1,564.692322,431.423065,0.799001248,2,detected,731.233337,557.878357,-0.649429202,
513,17.1,1,566.669617,432.286346,0.782019704,2,detected,731.624329,560.49176,-0.66069293,
514,17.1333333,1,567.646301,433.048035,0.762899263,2,detected,732.100403,562.191895,-0.665705681,
515,17.1666667,1,568.884094,433.283264,0.717339667,2,detected,732.346008,563.590088,-0.673012555,
516,17.2,1,571,434.690155,0.776942356,2,detected,733.068176,567.075745,-0.684931993,
517,17.2333333,1,572.198181,434.873871,0.753676471,2,detected,733.710693,567.981018,-0.689281583,
518,17.2666667,1,574.6651,434.981384,0.753939394,2,detected,734.267151,569.687561,-0.701007903,
519,17.3,1,575.810547,434.863434,0.763349515,2,detected,734.994873,570.590759,-0.706026196,
520,17.3333333,1,577.260864,434.026093,0.834190231,2,detected,735.304932,571.328003,-0.715283275,
521,17.3666667,1,578.628296,434.207977,0.800248139,2,detected,736.108704,572.068054,-0.719062746,
522,17.4,1,581.489014,434.810577,0.747002398,2,detected,737.28009,574.211243,-0.72993052,
523,17.4333333,1,584.920349,434.672577,0.762711864,2,detected,738.811035,575.927551,-0.742612481,
524,17.4666667,1,586.159302,434.969025,0.773284314,2,detected,739.58136,576.909729,-0.746545672,
525,17.5,1,587.785706,434.915955,0.834386852,2,detected,740.25293,577.765381,-0.752841949,
526,17.5333333,1,590.797607,433.674591,0.82382134,2,detected,741.39624,578.894043,-0.767216086,
527,17.5666667,1,592.057617,433.312744,0.78553616,2,detected,741.967041,579.134827,-0.771577895,
528,17.6,1,594.952026,431.731995,0.8275,2,detected,743.054138,579.682617,-0.784886479,
529,17.6333333,1,595.883789,431.149384,0.795620438,2,detected,743.206116,579.570557,-0.7891137,
530,17.6666667,1,597.529419,429.580383,0.795593635,2,detected,743.794922,579.127991,-0.796492875,
531,17.7,1,600,427.439026,0.8,2,detected,744.716614,578.523987,-0.806923926,
532,17.7333333,1,601.162476,426.587494,0.745519713,2,detected,744.362488,579.511597,-0.818224251,
533,17.7666667,1,603.21283,423.626495,0.813868613,2,detected,744.937683,577.825623,-0.827526867,
534,17.8,1,605.353638,419.463409,0.802184466,2,detected,744.930359,575.118896,-0.839805841,
535,17.8333333,1,605.819702,417.348358,0.79625,2,detected,742.97113,575.923401,-0.857715845,
536,17.8666667,1,606.5,415.137939,0.783816425,2,detected,746.453796,571.22644,-0.839845657,
537,17.9,1,607.337524,411.5,0.768028846,2,lost,,,,
538,17.9333333,1,607.344421,410.568451,0.783882784,2,lost,,,,
539,17.9666667,1,607.611328,409.506073,0.76744186,3,detected,504.924103,591.418274,-2.08469439,confirmed_B_reacquire
540,18,1,608.053284,407.5,0.813924051,3,detected,503.482025,588.247192,-2.09529424,
541,18.0333333,1,607.160156,405.268402,0.73373494,3,detected,501.552399,585.316101,-2.10127068,
542,18.0666667,1,611.81958,403.576477,0.802453988,3,detected,504.654327,582.858154,-2.10955811,
543,18.1,1,634.555115,419.707214,0.833333333,3,detected,526.212219,597.880676,-2.11713243,
544,18.1333333,1,655.884216,432.529816,0.828258222,3,detected,547.765747,610.351135,-2.11709023,
545,18.1666667,1,703.545471,459.716797,0.819248826,3,detected,595.429871,636.81488,-2.11888933,
546,18.2,1,751.937073,487.772736,0.824308063,3,detected,643.385925,664.726562,-2.12104201,
547,18.2333333,1,774.846436,499.085724,0.816077954,3,detected,666.222473,675.879822,-2.12174368,
548,18.2666667,1,799.324036,509.560974,0.839416058,3,detected,690.158508,686.374512,-2.1239152,
549,18.3,1,838.746155,526.715393,0.854014599,3,detected,728.450806,702.829773,-2.1303091,
550,18.3333333,1,852.719116,533.647949,0.841656516,3,detected,741.765442,709.697998,-2.13315439,
551,18.3666667,1,867.352478,544.827881,0.820544554,3,detected,755.004089,719.827881,-2.1415205,
552,18.4,1,872.907654,546.433716,0.804878049,3,detected,759.849182,721.119202,-2.14520884,
553,18.4333333,1,875.713196,545.939636,0.873433584,3,detected,762.452148,720.375183,-2.1466794,
554,18.4666667,1,877.52124,543.532837,0.810513447,3,detected,762.319153,716.429871,-2.15854836,
555,18.5,1,877.461853,539.538147,0.805555556,3,detected,761.204773,711.531921,-2.16518998,
556,18.5333333,1,874.948792,527.157471,0.792431193,3,detected,756.817627,697.236877,-2.17786527,
557,18.5666667,1,872.943604,521.684204,0.80209546,3,detected,753.556458,691.116882,-2.18462229,
558,18.6,1,870.202271,512.494385,0.881979695,3,detected,748.447327,679.955688,-2.1994555,
559,18.6333333,1,866.182861,503.858215,0.886934673,3,detected,742.490417,669.259399,-2.21290898,
560,18.6666667,1,865.388916,500.177765,0.833939394,3,detected,740.449219,664.6651,-2.22039437,
561,18.7,1,864.656006,497.100006,0.794536817,3,detected,738.757507,660.88446,-2.22614837,
562,18.7333333,1,863.119507,495.227081,0.799070848,3,detected,735.666626,657.238159,-2.23737001,
563,18.7666667,1,862.231384,495.250977,0.83131068,3,detected,733.720703,656.419922,-2.24392939,
564,18.8,1,862.463257,496.261017,0.876095119,3,detected,732.375061,656.207764,-2.25360775,
565,18.8333333,1,861.512817,498.073273,0.849633252,3,detected,730.674988,656.951843,-2.25970817,
566,18.8666667,1,861.070923,501.731354,0.811627907,3,detected,728.745605,659.047852,-2.27012467,
567,18.9,1,861.972778,503.338531,0.83253012,3,detected,728.521179,659.647888,-2.27747273,
568,18.9333333,1,862.622681,509.798523,0.835138387,3,detected,727.399414,664.286438,-2.28979635,
569,18.9666667,1,863.321045,513.420654,0.788484136,3,detected,727.253113,667.109314,-2.29545712,
570,19,1,864.880127,519.453186,0.782359679,3,detected,727.254089,671.668152,-2.30590272,
571,19.0333333,1,864.617676,527.569824,0.843980344,3,detected,725.332703,677.853455,-2.31822991,
572,19.0666667,1,864.391663,531.083679,0.844387755,3,detected,724.464417,680.398438,-2.3237505,
573,19.1,1,863.615967,536.893555,0.852903226,3,detected,721.883606,684.49707,-2.33590555,
574,19.1333333,1,863.188171,540.276733,0.838862559,3,detected,720.673035,687.228516,-2.34086871,
575,19.1666667,1,863.109863,544.871216,0.852684145,3,detected,719.732117,690.555359,-2.34821582,
576,19.2,1,863.765808,551.583618,0.852760736,3,detected,719.307434,695.740906,-2.35723782,
577,19.2333333,1,864.204529,553.393921,0.834567901,3,detected,718.743713,696.40448,-2.3646884,
578,19.2666667,1,864.194641,555.316772,0.852903226,3,detected,717.486023,695.262756,-2.37978172,
579,19.3,1,864.996094,555.140625,0.825930372,3,lost,,,,
580,19.3333333,1,866.996338,553.549438,0.798175599,3,detected,717.680725,692.040527,-2.39378715,
581,19.3666667,1,867.171509,553.952576,0.83411215,3,detected,716.967957,691.245361,-2.40107203,
582,19.4,1,868.2724,555.630615,0.864596273,3,detected,717.000977,691.152039,-2.411057,
583,19.4333333,1,868.139221,555.923096,0.873291925,3,detected,716.224182,690.337341,-2.41723967,
584,19.4666667,1,868.273743,554.645996,0.944370861,3,detected,714.794128,687.042664,-2.42980981,
585,19.5,1,868.817871,553.453552,0.770975057,3,detected,714.767761,684.981262,-2.43489766,
586,19.5333333,1,869.596375,553.810913,0.835138387,3,detected,714.180847,683.271667,-2.44705248,
587,19.5666667,1,870.131104,553.580505,0.864259029,3,detected,714.082764,681.976868,-2.45310402,
588,19.6,1,871.570312,552.680603,0.835820896,3,detected,714.100098,679.169922,-2.46486783,
589,19.6333333,1,872.097717,553.669189,0.873433584,3,detected,713.971191,679.117981,-2.47092319,
590,19.6666667,1,872.689636,556.586182,0.830120482,3,detected,713.208069,680.681641,-2.48033762,
591,19.7,1,872.836548,563.202332,0.784090909,3,detected,713.043152,685.451477,-2.48853207,
592,19.7333333,1,873.526733,565.431274,0.794933655,3,detected,712.943848,686.650085,-2.49498367,
593,19.7666667,1,871.959412,569.797058,0.877652934,3,detected,710.273682,688.95166,-2.50649476,
594,19.8,1,872.78949,571.703003,0.783659379,3,detected,709.990234,689.092346,-2.51686668,
595,19.8333333,1,873.337341,572.887573,0.818292683,3,detected,710.050232,689.050598,-2.52325416,
596,19.8666667,1,874.077759,576.522217,0.881909548,3,detected,709.500488,690.377991,-2.53638625,
597,19.9,1,874.911194,578.432434,0.823884198,3,detected,709.864929,691.381897,-2.54144716,
598,19.9333333,1,875.173096,581.66925,0.822064057,3,detected,709.06012,692.521973,-2.55312872,
599,19.9666667,1,875.902649,582.621704,0.881012658,3,detected,709.231384,692.242493,-2.55981898,
600,20,1,876.676941,589.376953,0.757437071,3,detected,709.086121,697.061584,-2.57047606,
601,20.0333333,1,877.358765,593.503845,0.782142857,3,detected,709.064148,699.944641,-2.57764196,
602,20.0666667,1,878.106873,595.507629,0.83065513,3,detected,709.567627,701.019653,-2.58224702,
603,20.1,1,877.230774,598.503845,0.853121175,3,detected,707.634827,701.921387,-2.59400725,
604,20.1333333,1,877.054688,599.394531,0.784290739,3,detected,707.367004,701.887939,-2.59822845,
605,20.1666667,1,878.149109,598.174561,0.876084263,3,detected,707.259033,698.422119,-2.61106944,
606,20.2,1,878.520142,597.116943,0.778698225,3,detected,706.735046,695.04718,-2.62346816,
607,20.2333333,1,879.679993,597.088013,0.857142857,3,detected,707.54657,693.980225,-2.62890697,
608,20.2666667,1,880.340759,598.314819,0.877346683,3,detected,707.378662,692.833191,-2.64146471,
609,20.3,1,881.041016,597.820923,0.80952381,3,detected,707.785156,691.410095,-2.64632082,
610,20.3333333,1,883.027893,596.936279,0.833130329,3,detected,709.13446,688.372375,-2.65750551,
611,20.3666667,1,883.473267,597.534363,0.805555556,3,detected,709.107178,687.574219,-2.66492391,
612,20.4,1,883.815491,598.236145,0.88485607,3,detected,708.867615,687.298523,-2.67070794,
613,20.4333333,1,884.799255,599.447876,0.76816609,3,detected,709.282471,686.476074,-2.68127871,
614,20.4666667,1,884.928589,601.214294,0.789413119,3,detected,709.153809,686.98291,-2.68763447,
615,20.5,1,885.602417,605.06427,0.851620948,3,detected,708.753418,688.448059,-2.70100617,
616,20.5333333,1,886.146729,606.83783,0.870967742,3,detected,709.30957,689.322632,-2.7051475,
617,20.5666667,1,886.501953,609.050598,0.869135802,3,detected,709.005798,689.871521,-2.71430779,
618,20.6,1,887.885803,613.09845,0.881899872,3,detected,710.051147,692.367065,-2.72228432,
619,20.6333333,1,888.454895,617.227478,0.803944316,3,detected,710.056213,694.422791,-2.7332077,
620,20.6666667,1,888.548279,619.52124,0.818399044,3,detected,710.052429,695.425232,-2.73951674,
621,20.7,1,888.458008,624.366394,0.870689655,3,detected,709.061218,698.266785,-2.75083733,
622,20.7333333,1,888.064148,627.007568,0.868421053,3,detected,708.495056,699.690918,-2.75698495,
623,20.7666667,1,887.641785,629.5448,0.806490385,3,lost,,,,
624,20.8,1,887.519104,633.198486,0.832512315,3,lost,,,,
625,20.8333333,1,888.050354,634.226624,0.891656289,0,lost,,,,clear_structure_absence
626,20.8666667,1,886.977966,637.816162,0.810841984,0,lost,,,,
627,20.9,1,886.217224,639.400757,0.830674847,4,detected,1080.73438,730.98114,-0.440023124,clear_structure_absence_reacquire
628,20.9333333,1,885.674011,639.710632,0.834541063,4,detected,1080.00256,732.393555,-0.445029438,
629,20.9666667,1,884.79248,639.505676,0.773455378,4,detected,1077.77222,734.788879,-0.458632886,
630,21,1,876.657532,630.376709,0.878527607,4,detected,1068.38318,727.403259,-0.468491644,
631,21.0333333,1,861.818176,612.28894,0.854934602,4,detected,1051.79553,710.660156,-0.477789909,
632,21.0666667,1,806.445129,567.722534,0.80162413,4,detected,991.5448,670.353333,-0.506262779,
633,21.1,1,774.910522,547.373474,0.819070905,4,detected,957.900146,652.260132,-0.520468175,
634,21.1333333,1,742.356689,527.185974,0.790725327,4,detected,923.385254,633.819214,-0.532322407,
635,21.1666667,1,676.611267,490.194366,0.809195402,4,detected,853.837036,600.913818,-0.558409989,
636,21.2,1,643.902588,477.470764,0.801444043,4,detected,819.535217,589.91272,-0.569462955,
637,21.2333333,1,583.554749,455.734985,0.815943728,4,detected,756.752197,571.825562,-0.590499163,
638,21.2666667,1,562.874146,443.510498,0.789221557,4,detected,735.338562,560.869385,-0.597505987,
639,21.3,1,531.900024,419.423065,0.798787879,4,detected,702.348328,540.393494,-0.61721915,
640,21.3333333,1,524.19104,412.321136,0.813496933,4,detected,693.709045,534.628479,-0.62501061,
641,21.3666667,1,519.5,407.5,0.767073171,4,detected,688.354065,531.17865,-0.632179916,
642,21.4,1,520.766663,401.391663,0.773119605,4,detected,688.250183,527.182434,-0.64418149,
643,21.4333333,1,527.344543,401.479004,0.768765133,4,detected,692.941589,529.347961,-0.657539129,
644,21.4666667,1,533.969421,405.069855,0.773058252,4,detected,699.053955,533.825623,-0.662387967,
645,21.5,1,546.66217,412.747742,0.804785894,4,detected,709.294556,543.955566,-0.678858757,
646,21.5333333,1,552.259888,416.920715,0.764920828,4,detected,714.963074,548.169128,-0.678797126,
647,21.5666667,1,562.274353,426.902649,0.762484775,4,detected,723.887695,559.428894,-0.686829865,
648,21.6,1,567.497864,431.463837,0.788888889,4,detected,728.410095,565.269836,-0.69368279,
649,21.6333333,1,573.627136,439.444916,0.745364648,4,detected,733.335144,574.447021,-0.701762497,
650,21.6666667,1,576.979004,441.470581,0.771186441,4,detected,736.291199,577.50946,-0.706761837,
651,21.7,1,582.412537,445.201782,0.753939394,4,detected,739.198242,583.945557,-0.724424362,
652,21.7333333,1,584.186157,446.259735,0.803278689,4,detected,741.063782,584.680969,-0.722978652,
653,21.7666667,1,587.087708,445.394745,0.731234867,4,detected,741.447571,586.381958,-0.740151286,
654,21.8,1,588.460449,443,0.735645933,4,detected,741.87616,584.857483,-0.746273935,
655,21.8333333,1,589.044434,441.337769,0.790697674,4,detected,741.315369,585.237305,-0.757140219,
656,21.8666667,1,588.950012,442.945465,0.729508197,4,detected,739.965759,587.94574,-0.765079498,
657,21.9,1,589.650452,441.212402,0.751851852,4,detected,739.068848,588.124695,-0.77694124,
658,21.9333333,1,588.467896,440.532104,0.804150454,4,detected,736.79364,588.040955,-0.782636881,
659,21.9666667,1,588.728882,437.41333,0.790343075,4,detected,736.427734,586.25116,-0.789239109,
660,22,1,592.134766,431.486969,0.79021879,4,detected,738.079529,581.840027,-0.800274968,
661,22.0333333,1,596.388916,427.143524,0.73627685,4,detected,740.661438,577.942688,-0.807513356,
662,22.0666667,1,598.426636,425.18808,0.754601227,4,detected,742.139832,576.606506,-0.811500013,
663,22.1,1,601.017151,423.309021,0.730215827,4,lost,,,,
664,22.1333333,1,603.512512,420.479156,0.791154791,4,lost,,,,
665,22.1666667,1,604.870667,418.926727,0.719318182,4,detected,744.69574,575.758606,-0.842663646,
666,22.2,1,607.863098,415.473022,0.7825,4,detected,744.762207,575.025513,-0.86166507,
667,22.2333333,1,607.497864,415.421936,0.726495726,4,detected,743.26001,575.61615,-0.867764354,
668,22.2666667,1,606.933655,414.902649,0.724971231,4,detected,741.895691,575.898743,-0.873137653,
669,22.3,1,606.107117,413.125,0.76621787,4,detected,738.989441,575.191589,-0.884023964,
670,22.3333333,1,606.255249,411.828461,0.838709677,4,detected,738.253418,574.8078,-0.890043437,
671,22.3666667,1,608.891235,407.682007,0.78902439,4,detected,738.579407,572.332458,-0.90362668,
672,22.4,1,610.81366,407.28183,0.729288215,4,detected,739.69989,572.429443,-0.908102453,
673,22.4333333,1,614.405151,406.349152,0.791718946,4,detected,740.639893,573.444214,-0.923805714,
674,22.4666667,1,616.30835,405.641663,0.787990196,4,detected,741.835815,573.62561,-0.929051995,
675,22.5,1,617.560852,406.282623,0.778739184,4,detected,741.750427,575.46521,-0.937577426,
676,22.5333333,1,620.481995,407.049561,0.753864447,4,detected,743.242126,576.380981,-0.943508089,
677,22.5666667,1,621.978271,406.978271,0.77764277,4,detected,744.372864,577.060059,-0.947022319,
678,22.6,1,625.47345,406.163727,0.761433869,4,detected,745.690247,578.167786,-0.960796654,
679,22.6333333,1,628.672668,407.156952,0.761904762,4,detected,745.642029,581.643433,-0.980238736,
680,22.6666667,1,630.312195,408.800903,0.801813472,4,detected,746.358093,583.245972,-0.983789802,
681,22.7,1,633.151123,411.275543,0.739290086,4,detected,747.649963,586.948181,-0.993175089,
682,22.7333333,1,634.348633,412.972473,0.754320988,4,detected,748.255737,588.313354,-0.99467963,
683,22.7666667,1,635.549561,413.220734,0.740420272,4,detected,748.604248,589.601807,-1.00079644,
684,22.8,1,638.162903,412.819,0.794344473,4,detected,747.677856,591.295166,-1.02042878,
685,22.8333333,1,639.495667,411.743469,0.827586207,4,detected,749.17749,590.552734,-1.02058125,
686,22.8666667,1,641.98645,411.262451,0.75,4,detected,749.703796,591.493408,-1.0320971,
687,22.9,1,643.223755,411.173523,0.733581165,4,detected,749.994629,592.033264,-1.03750134,
688,22.9333333,1,645.477478,411.085571,0.735872236,4,detected,750.12793,592.893066,-1.0485028,
689,22.9666667,1,646.957336,411.018951,0.729116945,4,detected,750.664001,593.397705,-1.05375981,
690,23,1,650.188965,410.046082,0.778489117,4,detected,751.159851,594.026428,-1.06886458,
691,23.0333333,1,650.778259,409.362,0.757575758,4,detected,751.110535,593.764771,-1.07249951,
692,23.0666667,1,651.853088,408.962097,0.728143713,4,detected,749.817078,595.041443,-1.08620274,
693,23.1,1,651.92926,409.07074,0.733170135,4,detected,748.820312,595.829041,-1.09221852,
694,23.1333333,1,652.50708,409.175354,0.762562814,4,detected,747.065369,596.944702,-1.10428286,
695,23.1666667,1,653.20929,409.088379,0.763906057,4,detected,746.655212,597.242065,-1.10983491,
696,23.2,1,654.944946,408.963318,0.724501758,4,detected,746.343262,597.712036,-1.11984193,
697,23.2333333,1,656.388123,409.027405,0.741666667,4,detected,745.314087,598.776978,-1.13254249,
698,23.2666667,1,657.433044,408.348206,0.825376884,4,detected,745.453247,598.73407,-1.13774014,
699,23.3,1,660.053589,407.254456,0.783375315,4,detected,746.914551,598.830688,-1.14511728,
700,23.3333333,1,661.517883,407.21875,0.730392157,4,detected,746.248413,599.260681,-1.15527749,
701,23.3666667,1,664.58374,407.085968,0.751190476,4,detected,746.842407,600.08252,-1.16789424,
702,23.4,1,667.358032,405.728394,0.832089552,4,detected,747.80835,599.726318,-1.17768478,
703,23.4333333,1,668.970581,405.260498,0.735154394,4,detected,748.91748,599.355896,-1.18007803,
704,23.4666667,1,673.016296,405.167358,0.771461717,4,lost,,,,
705,23.5,1,675.534119,405.116455,0.783590963,4,lost,,,,
706,23.5333333,1,680.066956,405.275604,0.826666667,0,lost,,,,confirmed_B
707,23.5666667,1,682.335938,405.509644,0.811320755,5,detected,742.678467,248.273239,1.20435965,confirmed_B_reacquire
708,23.6,1,684.284119,405.818176,0.870603015,5,lost,,,,
709,23.6333333,1,688.453552,406.30484,0.887874837,5,lost,,,,
710,23.6666667,1,691.801514,407.715363,0.845208845,5,detected,756.880432,251.626694,1.17577612,
711,23.7,1,683.040955,454.201355,0.814201183,5,lost,,,,
712,23.7333333,1,671.717529,493.259735,0.793594306,5,lost,,,,
713,23.7666667,1,656.842773,535.364807,0.774850299,5,detected,727.92041,382.051208,1.13668263,
714,23.8,1,618.799377,612.62384,0.790167866,5,detected,692.428223,459.60083,1.12233245,
715,23.8333333,1,586.853271,665.904419,0.803102625,5,detected,663.056519,513.437622,1.10730696,
716,23.8666667,1,577.953003,684.231567,0.823600973,5,detected,655.910767,532.583862,1.09595501,
717,23.9,1,566.299255,709.781006,0.843065693,5,detected,647.641846,559.059631,1.07590425,
718,23.9333333,1,562.753479,718.045166,0.851010101,5,detected,645.48584,567.696289,1.0677464,
719,23.9666667,1,550.726318,733.901733,0.849753695,5,detected,635.483398,583.633118,1.05724001,
720,24,1,546.100708,741.03595,0.818849449,5,detected,631.714172,590.697144,1.05312777,
721,24.0333333,1,542.307129,746.221436,0.873896595,5,detected,629.209534,596.335022,1.04537094,
722,24.0666667,1,542.221436,752.153564,0.852315394,5,detected,632.481934,603.770569,1.02430058,
723,24.1,1,544.060486,752.20282,0.811720698,5,detected,635.827209,604.638611,1.01444626,
724,24.1333333,1,548.558838,745.172791,0.818066158,5,detected,642.282349,598.233276,1.00301886,
725,24.1666667,1,549.259094,741.01825,0.777915633,5,detected,643.796021,594.679932,0.997226775,
726,24.2,1,548.203003,737.571411,0.795209581,5,detected,644.412048,591.690613,0.987768531,
727,24.2333333,1,546.671448,731.924988,0.833756345,5,detected,645.357361,587.593201,0.971064329,
728,24.2666667,1,545.49646,727.900696,0.796966161,5,detected,644.892578,583.97113,0.96641469,
729,24.3,1,545.733826,719.51709,0.782401902,5,detected,646.759094,576.294495,0.956473827,
730,24.3333333,1,545.218018,717.454895,0.777101096,5,detected,648.801086,575.3703,0.940855622,
731,24.3666667,1,546.249023,717.459778,0.760631835,5,detected,651.176514,575.894165,0.932955325,
732,24.4,1,548.119568,716.30072,0.830788804,5,detected,655.443115,576.224548,0.917020261,
733,24.4333333,1,548.166687,716.242737,0.828244275,5,detected,656.718872,576.792236,0.909348071,
734,24.4666667,1,547.891357,717.752808,0.81763285,5,detected,658.340149,578.882019,0.89890641,
735,24.5,1,547.844727,717.689392,0.805555556,5,detected,659.122864,579.519775,0.892787457,
736,24.5333333,1,544.235718,716.474976,0.79389313,5,detected,657.642944,579.637512,0.878755331,
737,24.5666667,1,542.728943,715.87915,0.82527881,5,detected,656.911804,579.308716,0.874443293,
738,24.6,1,539.507202,714.312927,0.817401961,5,detected,655.43988,578.978821,0.86245966,
739,24.6333333,1,536.887207,710.733093,0.763505402,5,detected,655.017883,576.460144,0.849265397,
740,24.6666667,1,536.154663,708.125916,0.855708908,5,detected,655.593811,574.482239,0.841465354,
741,24.7,1,534.553101,703.838806,0.790726817,5,detected,655.997498,571.752258,0.827349246,
742,24.7333333,1,533.77948,701.498108,0.77764566,5,detected,655.237671,569.628479,0.826473713,
743,24.7666667,1,532.456909,699.434448,0.816195373,5,detected,655.21405,568.600891,0.817235649,
744,24.8,1,529.080566,695.608032,0.800982801,5,detected,653.862244,566.337219,0.803066432,
745,24.8333333,1,527.765808,693.676575,0.822800496,5,detected,653.807678,564.965637,0.795874834,
746,24.8666667,1,525.177124,691.608826,0.806451613,5,detected,653.451843,564.309875,0.78158021,
747,24.9,1,524.443176,691.481079,0.773447016,5,detected,654.52417,564.920837,0.771680415,
748,24.9333333,1,523.616211,690.404907,0.80669145,5,detected,654.684387,565.03479,0.763181806,
749,24.9666667,1,522.200745,689.766418,0.823095823,5,detected,654.062744,564.91864,0.758081436,
750,25,1,520.621399,686.821411,0.855629139,5,detected,654.689636,563.283325,0.74454397,
751,25.0333333,1,519.583313,683.5,0.744755245,5,detected,655.372192,561.575928,0.731650531,
752,25.0666667,1,518.722412,681.596985,0.810237203,5,detected,655.639709,560.62085,0.723663747,
753,25.1,1,517.095032,679.121643,0.753117207,5,detected,655.961365,559.538025,0.710927069,
754,25.1333333,1,515.250916,677.978516,0.788125728,5,detected,654.87384,559.523743,0.703558981,
755,25.1666667,1,511.893768,675.941406,0.837378641,5,detected,653.039185,558.626526,0.693456173,
756,25.2,1,510.125916,674.981506,0.790697674,5,detected,652.326111,558.081299,0.688061237,
757,25.2333333,1,507.988403,673.343628,0.770708283,5,detected,651.59613,557.575806,0.678473175,
758,25.2666667,1,507.740356,672.035095,0.832722833,5,detected,652.38623,557.789795,0.668507397,
759,25.3,1,507.269775,670.133118,0.789156627,5,detected,653.53656,557.378418,0.656733334,
760,25.3333333,1,507.383453,669.526306,0.792638037,5,detected,654.489075,557.264343,0.65185684,
761,25.3666667,1,508.283569,667.563416,0.783454988,5,detected,657.089661,557.041809,0.638827085,
762,25.4,1,508.827057,665.684204,0.824780976,5,detected,659.324768,556.661194,0.626925528,
763,25.4333333,1,508.523132,664.402161,0.858611825,5,detected,660.232239,556.059326,0.620158672,
764,25.4666667,1,507.663116,662.230469,0.822954823,5,detected,660.760437,555.597351,0.608376741,
765,25.5,1,506.501831,661.036926,0.801767677,5,detected,660.185852,554.801514,0.604835153,
766,25.5333333,1,505.570862,659.452759,0.752085816,5,detected,659.906189,554.129333,0.598838091,
767,25.5666667,1,504.252777,656.754639,0.794538362,5,detected,660.337097,553.174927,0.585886121,
768,25.6,1,504.242432,655.640137,0.824390244,5,detected,661.05249,552.871033,0.580143213,
769,25.6333333,1,504.178711,653.281372,0.797752809,5,detected,662.492737,551.75354,0.570239604,
770,25.6666667,1,504.104004,651.356018,0.766423358,5,detected,663.291382,551.035706,0.562331855,
771,25.7,1,503.934601,647.646179,0.81097561,5,detected,664.492126,549.411865,0.549074471,
772,25.7333333,1,503.619781,645.577942,0.795646917,5,detected,664.895325,548.676331,0.541040599,
773,25.7666667,1,501.826599,643.504028,0.753939394,5,detected,664.506042,547.621033,0.532587647,
774,25.8,1,499.328247,640.332031,0.781750925,5,detected,663.573486,546.568359,0.518729508,
775,25.8333333,1,498.031738,639.234131,0.773722628,5,detected,662.991943,545.708435,0.515770376,
776,25.8666667,1,496.356873,635.631348,0.776951673,5,detected,662.779724,544.19635,0.502393007,
777,25.9,1,496.015045,634.03009,0.840937115,5,detected,663.123535,543.689819,0.495604277,
778,25.9333333,1,495.507812,633.457031,0.767386091,5,detected,663.783386,544.926453,0.484312654,
779,25.9666667,1,494.686279,635.392151,0.777085928,5,detected,663.762634,547.428406,0.479724288,
780,26,1,492.478271,639.403137,0.756489493,5,detected,663.204285,553.173584,0.467699856,
781,26.0333333,1,491.675903,639.434753,0.774271845,5,detected,662.548096,554.692566,0.460393548,
782,26.0666667,1,488.389954,639.625488,0.809045226,5,detected,660.94043,556.494812,0.44896242,
783,26.1,1,487.422302,638.83667,0.770631068,5,detected,660.698181,556.13916,0.445290029,
784,26.1333333,1,487.316406,634.222656,0.797402597,5,detected,661.768982,553.691406,0.432477146,
785,26.1666667,1,487.360474,631.643433,0.770708283,5,detected,662.315369,552.501465,0.42481178,
786,26.2,1,487.835999,628.340027,0.783751493,5,lost,,,,
787,26.2333333,1,486.563568,626.487305,0.815326633,5,lost,,,,
788,26.2666667,1,486.570801,625.506409,0.768647282,5,lost,,,,
789,26.3,1,487.166656,622.947388,0.727272727,5,lost,,,,
790,26.3333333,1,487.004089,621.587769,0.802729529,5,lost,,,,
791,26.3666667,1,487.050842,621.411011,0.758024691,5,lost,,,,
792,26.4,1,486.216522,619.921265,0.837531486,5,lost,,,,
793,26.4333333,1,485.235291,619.811768,0.792973651,5,lost,,,,
794,26.4666667,1,482.41803,619.602478,0.780669145,5,lost,,,,
795,26.5,1,481.493774,619.419067,0.728484848,5,lost,,,,
