frame,id,selected,observed,missing,invalid,last_observed,relative_x,relative_y,radius,score,retired
199,1,1,1,0,0,199,7.78345,211.969,41.2996,12.8613,0
200,1,1,1,0,0,200,6.6275,212.487,41.3647,12.8642,0
201,1,1,1,0,0,201,4.10834,212.627,41.3921,12.866,0
202,1,1,1,0,0,202,2.92908,212.409,41.4044,12.8655,0
203,1,1,1,0,0,203,1.73285,212.675,41.4633,12.8689,0
204,1,1,1,0,0,204,-0.885681,212.591,41.2497,12.8574,0
205,1,1,1,0,0,205,-2.22211,212.704,41.2902,12.8604,0
206,1,1,1,0,0,206,-3.37494,212.621,41.2546,12.8586,0
207,1,1,1,0,0,207,-5.94604,212.401,41.2934,12.8601,0
208,1,1,1,0,0,208,-7.19543,212.602,41.3241,12.8612,0
209,1,1,1,0,0,209,-9.591,212.638,41.1705,12.8551,0
210,1,1,1,0,0,210,-11.0458,212.484,41.2828,12.8602,0
211,1,1,1,0,0,211,-13.5126,212.337,41.1402,12.8535,0
212,1,1,1,0,0,212,-14.7336,212.049,41.2286,12.8575,0
213,1,1,1,0,0,213,-16.1308,212.052,41.1207,12.8521,0
214,1,1,1,0,0,214,-18.7358,211.607,41.2519,12.8582,0
215,1,1,1,0,0,215,-19.8278,211.597,41.1193,12.8519,0
216,1,1,1,0,0,216,-20.8427,211.373,41.4019,12.8629,0
217,1,1,1,0,0,217,-23.4753,211.111,41.3383,12.8605,0
218,1,1,1,0,0,218,-24.6646,211.146,41.3059,12.8887,0
219,1,1,1,0,0,219,-27.4993,210.562,41.1238,12.8527,0
220,1,1,1,0,0,220,-28.6868,210.401,40.5079,12.8519,0
221,1,1,1,0,0,221,-29.9625,210.332,41.0642,12.8486,0
222,1,1,1,0,0,222,-32.3006,209.86,41.1259,12.852,0
223,1,1,1,0,0,223,-34.9973,209.57,41.0866,12.8493,0
224,1,1,1,0,0,224,-36.1003,209.339,41.017,12.8766,0
225,1,1,1,0,0,225,-37.4952,209.125,40.5328,12.8528,0
226,1,1,1,0,0,226,-39.6252,208.569,41.1129,12.881,0
227,1,1,1,0,0,227,-40.9551,208.587,41.0697,12.8794,0
228,1,1,1,0,0,228,-42.264,208.322,40.9247,12.8415,0
229,1,1,1,0,0,229,-44.5713,207.409,41.0007,12.8763,0
230,1,1,1,0,0,230,-45.8368,207.334,41.0456,12.8777,0
231,1,1,1,0,0,231,-47.8817,206.858,40.9199,12.872,0
232,1,1,1,0,0,232,-48.4589,206.496,40.9657,12.8437,0
233,1,1,1,0,0,233,-49.3898,206.248,41.0359,12.8487,0
234,1,1,1,0,0,234,-52.0909,205.031,40.9147,12.8716,0
235,1,1,1,0,0,235,-53.4433,204.962,40.8429,12.8382,0
236,1,1,1,0,0,236,-55.6383,204.475,40.8004,12.8363,0
237,1,1,1,0,0,237,-56.745,203.895,40.6276,12.8571,0
238,1,1,1,0,0,238,-57.8772,203.588,40.5724,12.8244,0
239,1,1,1,0,0,239,-59.865,203.111,40.7478,12.8337,0
240,1,1,1,0,0,240,-61.3079,202.182,40.5817,12.8243,0
241,1,1,1,0,0,241,-65.6371,201.38,40.5265,12.8219,0
242,1,1,1,0,0,242,-66.217,200.605,40.5302,12.8228,0
243,1,1,1,0,0,243,-66.0054,200.865,40.535,12.8227,0
244,1,1,1,0,0,244,-67.2383,200.522,40.5816,12.8244,0
245,1,1,1,0,0,245,-68.8425,199.624,40.5522,12.8224,0
246,1,1,1,0,0,246,-71.9066,198.408,40.4417,12.8187,0
247,1,1,1,0,0,247,-73.0693,198.251,40.6012,12.8256,0
248,1,1,1,0,0,248,-75.5157,196.889,40.5649,12.8535,0
249,1,1,1,0,0,249,-76.5845,196.506,40.5505,12.8233,0
250,1,1,1,0,0,250,-77.0841,196.382,40.4384,12.8191,0
251,1,1,1,0,0,251,-79.5182,195.721,40.5114,12.822,0
252,1,1,1,0,0,252,-81.054,194.886,40.5037,12.8207,0
253,1,1,1,0,0,253,-82.9312,193.868,40.5693,12.8239,0
254,1,1,1,0,0,254,-83.7139,194.22,40.6389,12.8276,0
255,1,1,1,0,0,255,-84.623,193.397,40.5763,12.8248,0
256,1,1,1,0,0,256,-85.221,192.921,40.5534,12.823,0
257,1,1,1,0,0,257,-86.5173,192.393,40.4993,12.8197,0
258,1,1,1,0,0,258,-89.0101,191.286,40.5236,12.8221,0
259,1,1,1,0,0,259,-90.811,190.706,40.5709,12.8251,0
260,1,1,1,0,0,260,-91.4265,190.283,40.4672,12.8198,0
261,1,1,1,0,0,261,-93.9302,188.787,40.4134,12.817,0
262,1,1,1,0,0,262,-95.1687,188.274,40.383,12.8149,0
263,1,1,1,0,0,263,-96.3685,187.37,40.4172,12.817,0
264,1,1,1,0,0,264,-98.0649,186.365,40.334,12.8124,0
265,1,1,1,0,0,265,-99.1151,186.091,39.7243,12.8118,0
266,1,1,1,0,0,266,-101.274,184.069,40.3799,12.8161,0
267,1,1,1,0,0,267,-102.39,183.623,40.1651,12.8038,0
268,1,1,1,0,0,268,-103.553,182.74,40.2477,12.8072,0
269,1,1,1,0,0,269,-105.375,181.919,40.0985,12.8008,0
270,1,1,1,0,0,270,-107.168,180.751,40.1282,12.8318,0
271,1,1,1,0,0,271,-108.284,179.867,40.1952,12.806,0
272,1,1,1,0,0,272,-110.423,178.337,40.0983,12.8308,0
273,1,1,1,0,0,273,-111.322,177.92,39.4924,12.8012,0
274,1,1,1,0,0,274,-112.016,177.103,40.091,12.8303,0
275,1,1,1,0,0,275,-113.867,176.052,40.1705,12.8351,0
276,1,1,1,0,0,276,-115.283,174.601,39.8876,12.8197,0
277,1,1,1,0,0,277,-117.633,173.139,39.9409,12.8232,0
278,1,1,1,0,0,278,-118.003,172.468,39.9541,12.7936,0
279,1,1,1,0,0,279,-118.933,171.825,39.8274,12.8169,0
280,1,1,1,0,0,280,-120.333,170.73,39.9771,12.8249,0
281,1,1,1,0,0,281,-121.318,170.293,39.4202,12.7982,0
282,1,1,1,0,0,282,-124.122,167.919,39.9857,12.7954,0
283,1,1,1,0,0,283,-124.957,166.964,40.0613,12.7989,0
284,1,1,1,0,0,284,-126.409,165.567,40.0403,12.7977,0
285,1,1,1,0,0,285,-127.184,164.937,39.9813,12.8245,0
286,1,1,1,0,0,286,-128.1,163.995,39.9731,12.8252,0
287,1,1,1,0,0,287,-128.806,163.476,39.8759,12.8195,0
288,1,1,1,0,0,288,-129.881,162.232,39.9223,12.8218,0
289,1,1,1,0,0,289,-132.649,159.677,39.7966,12.8154,0
290,1,1,1,0,0,290,-134.086,158.626,39.8068,12.7865,0
291,1,1,1,0,0,291,-134.865,157.717,39.8318,12.8173,0
292,1,1,1,0,0,292,-135.479,156.814,39.8419,12.7877,0
293,1,1,1,0,0,293,-136.356,155.652,39.938,12.7928,0
294,1,1,1,0,0,294,-137.917,154.516,39.8696,12.8195,0
295,1,1,1,0,0,295,-139.218,152.985,39.177,12.7854,0
296,1,1,1,0,0,296,-140.293,152.493,39.7607,12.8146,0
297,1,1,1,0,0,297,-140.745,151.378,39.8136,12.8162,0
298,1,1,1,0,0,298,-141.67,150.455,39.665,12.8091,0
299,1,1,1,0,0,299,-142.076,149.943,39.6306,12.809,0
300,1,1,1,0,0,300,-144.798,146.958,39.5787,12.7752,0
301,1,1,1,0,0,301,-145.637,145.592,39.5634,12.7742,0
302,1,1,1,0,0,302,-146.713,144.097,38.9675,12.7737,0
303,1,1,1,0,0,303,-147.57,143.058,39.4622,12.7986,0
304,1,1,1,0,0,304,-148.378,142.456,39.5547,12.773,0
305,1,1,1,0,0,305,-149.415,141.347,38.8219,12.7667,0
306,1,1,1,0,0,306,-151.124,138.906,38.7927,12.7663,0
307,1,1,1,0,0,307,-151.948,137.92,39.3311,12.7934,0
308,1,1,1,0,0,308,-153.032,136.302,39.3129,12.7915,0
309,1,1,1,0,0,309,-153.366,135.674,38.8084,12.7673,0
310,1,1,1,0,0,310,-153.931,134.847,39.4309,12.798,0
311,1,1,1,0,0,311,-155.654,132.703,39.3443,12.7629,0
312,1,1,1,0,0,312,-156.361,131.451,39.2352,12.7877,0
313,1,1,1,0,0,313,-157.481,129.354,39.1345,12.7531,0
314,1,1,1,0,0,314,-158.415,127.911,39.2623,12.7587,0
315,1,1,1,0,0,315,-159.799,125.677,39.1878,12.7862,0
316,1,1,1,0,0,316,-160.537,124.93,38.5934,12.7562,0
317,1,1,1,0,0,317,-160.865,124.068,39.1083,12.7812,0
318,1,1,1,0,0,318,-161.79,121.87,39.2326,12.7879,0
319,1,1,1,0,0,319,-162.575,120.852,39.1303,12.7535,0
320,1,1,1,0,0,320,-163.238,119.752,39.0813,12.7793,0
321,1,1,1,0,0,321,-163.898,118.426,39.1124,12.7504,0
322,1,1,1,0,0,322,-164.813,116.414,39.1826,12.7847,0
323,1,1,1,0,0,323,-165.499,115.542,39.0354,12.7473,0
324,1,1,1,0,0,324,-166.503,113.52,38.978,12.7734,0
325,1,1,1,0,0,325,-166.948,112.484,38.4459,12.7495,0
326,1,1,1,0,0,326,-167.743,111.687,39.0531,12.7493,0
327,1,1,1,0,0,327,-168.873,109.171,39.1199,12.7514,0
328,1,1,1,0,0,328,-169.201,108.273,39.1148,12.7525,0
329,1,1,1,0,0,329,-170.101,106.42,38.9341,12.7442,0
330,1,1,1,0,0,330,-171.029,104.075,38.3838,12.7462,0
331,1,1,1,0,0,331,-171.25,102.85,38.9659,12.7751,0
332,1,1,1,0,0,332,-171.655,101.942,38.9375,12.774,0
333,1,1,1,0,0,333,-172.915,99.7609,38.9085,12.7408,0
334,1,1,1,0,0,334,-173.095,98.6352,38.7927,12.7356,0
335,1,1,1,0,0,335,-174.123,96.2252,38.8192,12.7367,0
336,1,1,1,0,0,336,-174.511,95.3356,38.7283,12.7322,0
337,1,1,1,0,0,337,-175.042,94.4888,38.7173,12.7317,0
338,1,1,1,0,0,338,-175.507,91.9749,38.786,12.7648,0
339,1,1,1,0,0,339,-175.783,90.9817,38.674,12.7301,0
340,1,1,1,0,0,340,-176.628,88.8628,38.5754,12.7557,0
341,1,1,1,0,0,341,-176.609,87.8672,38.7113,12.7316,0
342,1,1,1,0,0,342,-177.679,85.6416,38.522,12.7228,0
343,1,1,1,0,0,343,-178.048,84.6659,38.5448,12.7233,0
344,1,1,1,0,0,344,-178.603,82.0613,38.6609,12.7288,0
345,1,1,1,0,0,345,-178.788,80.9227,38.6228,12.7271,0
346,1,1,1,0,0,346,-179.339,79.8192,38.6381,12.7273,0
347,1,1,1,0,0,347,-179.794,77.5589,38.5674,12.724,0
348,1,1,1,0,0,348,-180.001,76.6543,38.3473,12.7136,0
349,1,1,1,0,0,349,-180.572,74.2117,38.3643,12.7151,0
350,1,1,1,0,0,350,-180.752,72.9407,38.4049,12.7465,0
351,1,1,1,0,0,351,-181.082,72.0473,38.4155,12.7171,0
352,1,1,1,0,0,352,-181.603,69.5087,38.4446,12.7191,0
353,1,1,1,0,0,353,-181.864,68.5227,38.3208,12.7127,0
354,1,1,1,0,0,354,-181.974,66.2391,38.4991,12.7213,0
355,1,1,1,0,0,355,-182.123,65.0303,38.2921,12.7114,0
356,1,1,1,0,0,356,-182.862,62.921,38.1851,12.7061,0
357,1,1,1,0,0,357,-183.041,61.675,38.247,12.7078,0
358,1,1,1,0,0,358,-183.011,59.0977,38.3159,12.7425,0
359,1,1,1,0,0,359,-183.517,58.2068,38.3109,12.7117,0
360,1,1,1,0,0,360,-183.474,56.9636,38.1394,12.7039,0
361,1,1,1,0,0,361,-183.681,54.4997,38.1622,12.7056,0
362,1,1,1,0,0,362,-183.887,53.2828,38.2933,12.7105,0
363,1,1,1,0,0,363,-184.156,50.9886,38.211,12.707,0
364,1,1,1,0,0,364,-184.29,50.2035,38.1921,12.7052,0
365,1,1,1,0,0,365,-184.233,48.5571,38.2403,12.7082,0
366,1,1,1,0,0,366,-184.552,46.1478,38.1539,12.7036,0
367,1,1,1,0,0,367,-184.415,44.0564,38.1476,12.7035,0
368,1,1,1,0,0,368,-184.846,42.752,37.4761,12.701,0
369,1,1,1,0,0,369,-184.821,41.4634,37.995,12.7267,0
370,1,1,1,0,0,370,-184.921,39.1469,38.0458,12.7284,0
371,1,1,1,0,0,371,-184.809,37.9672,37.953,12.7241,0
372,1,1,1,0,0,372,-184.844,35.7012,37.808,12.7176,0
373,1,1,1,0,0,373,-184.537,34.6952,37.8876,12.6911,0
374,1,1,1,0,0,374,-184.971,33.5127,37.8977,12.722,0
375,1,1,1,0,0,375,-184.77,31.0703,37.9106,12.6917,0
376,1,1,1,0,0,376,-184.785,29.7764,37.9585,12.6935,0
377,1,1,1,0,0,377,-184.625,28.3935,37.95,12.7223,0
378,1,1,1,0,0,378,-184.474,26.1238,37.8298,12.6872,0
379,1,1,1,0,0,379,-184.411,23.9148,37.8071,12.7161,0
380,1,1,1,0,0,380,-184.473,22.7518,37.8691,12.7196,0
381,1,1,1,0,0,381,-184.452,21.3697,37.8333,12.688,0
382,1,1,1,0,0,382,-184.276,19.0427,37.9123,12.6909,0
383,1,1,1,0,0,383,-184.309,18.1205,37.8699,12.6896,0
384,1,1,1,0,0,384,-183.805,17.0319,37.6528,12.6792,0
385,1,1,1,0,0,385,-183.585,14.5788,37.7434,12.7135,0
386,1,1,1,0,0,386,-183.543,13.4429,37.7012,12.6809,0
387,1,1,1,0,0,387,-183.467,12.2812,37.7077,12.6818,0
388,1,1,1,0,0,388,-182.906,9.90289,37.7775,12.7157,0
389,1,1,1,0,0,389,-182.924,8.52252,37.6992,12.6806,0
390,1,1,1,0,0,390,-182.72,6.7511,37.6097,12.6776,0
391,1,1,1,0,0,391,-182.552,4.95227,37.671,12.6806,0
392,1,1,1,0,0,392,-182.113,3.10828,37.6594,12.679,0
393,1,1,1,0,0,393,-181.854,1.77673,37.6171,12.6769,0
394,1,1,1,0,0,394,-181.226,-0.546631,37.5862,12.6769,0
395,1,1,1,0,0,395,-181.153,-2.03046,37.5702,12.6742,0
396,1,1,1,0,0,396,-180.737,-2.72455,37.4477,12.6679,0
397,1,1,1,0,0,397,-180.296,-5.20923,37.4236,12.667,0
398,1,1,1,0,0,398,-179.937,-6.57715,37.3697,12.665,0
399,1,1,1,0,0,399,-179.724,-8.03027,37.531,12.6719,0
400,1,1,1,0,0,400,-179.242,-10.2803,37.4682,12.6703,0
401,1,1,1,0,0,401,-178.875,-11.4974,37.3913,12.6671,0
402,1,1,1,0,0,402,-178.335,-13.9839,37.447,12.6684,0
403,1,1,1,0,0,403,-177.772,-14.8856,37.4393,12.6977,0
404,1,1,1,0,0,404,-177.331,-16.9241,37.3434,12.6636,0
405,1,1,1,0,0,405,-176.647,-18.1926,37.2903,12.6603,0
406,1,1,1,0,0,406,-176.572,-19.6747,37.3512,12.6636,0
407,1,1,1,0,0,407,-175.684,-21.7204,37.195,12.6563,0
408,1,1,1,0,0,408,-175.284,-22.8188,37.2293,12.6573,0
409,1,1,1,0,0,409,-174.625,-25.4762,37.2805,12.6603,0
410,1,1,1,0,0,410,-174.917,-28.6061,35.8669,12.2832,0
411,1,1,0,1,0,410,-174.917,-28.6061,35.8669,12.2832,0
412,1,1,1,0,0,412,-173.157,-29.7817,36.6465,12.6584,0
413,1,1,1,0,0,413,-172.376,-30.8536,37.0482,12.6488,0
414,1,1,1,0,0,414,-171.731,-33.0512,37.1966,12.6856,0
415,1,1,1,0,0,415,-171.237,-34.326,37.2205,12.6861,0
416,1,1,1,0,0,416,-170.319,-36.5543,37.1717,12.624,0
417,1,1,1,0,0,417,-169.848,-37.4996,37.1178,12.6509,0
418,1,1,1,0,0,418,-169.323,-38.8693,36.5473,12.6535,0
419,1,1,1,0,0,419,-168.273,-41.8029,37.1457,12.6229,0
420,1,1,1,0,0,420,-167.766,-42.512,37.0618,12.6485,0
421,1,1,1,0,0,421,-166.744,-44.4453,37.0451,12.6482,0
422,1,1,1,0,0,422,-166.391,-45.4135,36.9991,12.6461,0
423,1,1,1,0,0,423,-165.649,-46.7062,36.9443,12.6437,0
424,1,1,1,0,0,424,-164.501,-48.8264,36.9514,12.6435,0
425,1,1,1,0,0,425,-163.892,-50.1705,36.964,12.6444,0
426,1,1,1,0,0,426,-162.704,-52.2797,37.0013,12.6462,0
427,1,1,1,0,0,427,-162.124,-53.5938,36.9487,12.6441,0
428,1,1,1,0,0,428,-161.101,-55.6392,36.9525,12.644,0
429,1,1,1,0,0,429,-160.156,-56.4572,37.0048,12.6459,0
430,1,1,1,0,0,430,-159.861,-57.9672,37.0933,12.6497,0
431,1,1,1,0,0,431,-158.6,-59.6322,36.9265,12.6432,0
432,1,1,1,0,0,432,-157.848,-60.913,36.8394,12.6384,0
433,1,1,1,0,0,433,-157.459,-62.035,36.8351,12.6371,0
434,1,1,1,0,0,434,-156.155,-64.1185,36.9257,12.6421,0
435,1,1,1,0,0,435,-155.217,-65.2983,36.828,12.6364,0
436,1,1,1,0,0,436,-153.987,-67.0308,36.9209,12.6416,0
437,1,1,1,0,0,437,-153.226,-68.4432,36.9111,12.6412,0
438,1,1,1,0,0,438,-151.878,-70.3456,36.9464,12.643,0
439,1,1,1,0,0,439,-151.274,-71.141,36.8961,12.6407,0
440,1,1,1,0,0,440,-150.653,-72.2588,36.2055,12.6362,0
441,1,1,1,0,0,441,-148.958,-74.0883,36.7353,12.6337,0
442,1,1,1,0,0,442,-148.725,-75.5422,36.8037,12.636,0
443,1,1,1,0,0,443,-146.857,-77.3232,36.7779,12.6349,0
444,1,1,1,0,0,444,-145.926,-78.5281,36.644,12.6273,0
445,1,1,1,0,0,445,-145.482,-79.6816,36.7678,12.6343,0
446,1,1,1,0,0,446,-143.758,-81.7521,36.7358,12.6315,0
447,1,1,1,0,0,447,-142.989,-82.6652,36.6967,12.6295,0
448,1,1,1,0,0,448,-142.251,-83.3813,36.7092,12.6318,0
449,1,1,1,0,0,449,-140.403,-85.2718,36.6015,12.6267,0
450,1,1,1,0,0,450,-138.86,-87.2252,36.6449,12.6281,0
451,1,1,1,0,0,451,-138.074,-88.316,36.5499,12.6234,0
452,1,1,1,0,0,452,-137.533,-89.1846,36.6888,12.6287,0
453,1,1,1,0,0,453,-135.805,-90.8766,35.4599,12.5989,0
454,1,1,1,0,0,454,-134.945,-92.2596,36.5346,12.623,0
455,1,1,1,0,0,455,-134.304,-93.0393,36.5918,12.6248,0
456,1,1,1,0,0,456,-132.103,-94.569,36.3708,12.3136,0
457,1,1,1,0,0,457,-131.547,-95.6971,36.6034,12.6255,0
458,1,1,1,0,0,458,-130.691,-96.5696,36.5728,12.6544,0
459,1,1,0,1,1,458,-130.691,-96.5696,36.5728,12.6544,0
460,1,1,0,2,2,458,-130.691,-96.5696,36.5728,12.6544,0
461,1,0,0,3,3,458,-130.691,-96.5696,36.5728,12.6544,1
462,1,0,0,3,3,458,-130.691,-96.5696,36.5728,12.6544,1
462,2,1,1,0,0,462,206.956,37.2059,40.7379,12.8614,0
463,1,0,0,3,3,458,-130.691,-96.5696,36.5728,12.6544,1
463,2,1,1,0,0,463,206.599,39.8351,40.8103,12.865,0
464,1,0,0,3,3,458,-130.691,-96.5696,36.5728,12.6544,1
464,2,1,1,0,0,464,206.648,41.015,40.8578,12.8677,0
465,1,0,0,3,3,458,-130.691,-96.5696,36.5728,12.6544,1
465,2,1,1,0,0,465,206.503,42.1958,40.8416,12.5662,0
466,1,0,0,3,3,458,-130.691,-96.5696,36.5728,12.6544,1
466,2,1,1,0,0,466,205.227,44.0593,41.1081,12.8805,0
467,1,0,0,3,3,458,-130.691,-96.5696,36.5728,12.6544,1
467,2,1,1,0,0,467,204.041,45.9158,41.1581,12.5535,0
468,1,0,0,3,3,458,-130.691,-96.5696,36.5728,12.6544,1
468,2,1,1,0,0,468,202.569,48.8787,40.9934,12.545,0
469,1,0,0,3,3,458,-130.691,-96.5696,36.5728,12.6544,1
469,2,1,1,0,0,469,200.495,54.0457,40.4821,12.5204,0
470,1,0,0,3,3,458,-130.691,-96.5696,36.5728,12.6544,1
470,2,1,1,0,0,470,199.604,55.7388,40.5817,12.525,0
471,1,0,0,3,3,458,-130.691,-96.5696,36.5728,12.6544,1
471,2,1,1,0,0,471,197.985,58.1791,40.4089,12.8168,0
472,2,1,1,0,0,472,197.769,61.7453,39.3541,12.7931,0
473,2,1,1,0,0,473,196.995,63.5601,40.0402,12.7972,0
474,2,1,1,0,0,474,196.343,66.2048,39.8432,12.7875,0
475,2,1,1,0,0,475,196.13,68.3965,39.7831,12.7835,0
476,2,1,1,0,0,476,195.189,71.4363,39.6508,12.7771,0
477,2,1,1,0,0,477,195.108,72.3427,39.6846,12.7776,0
478,2,1,1,0,0,478,194.922,72.3149,39.7014,12.7799,0
479,2,1,1,0,0,479,193.562,75.5573,39.669,12.777,0
480,2,1,1,0,0,480,193.44,76.2043,39.5065,12.7695,0
481,2,1,1,0,0,481,192.42,79.0534,39.5349,12.7716,0
482,2,1,1,0,0,482,191.76,80.9149,39.7795,12.7835,0
483,2,1,1,0,0,483,191.793,80.8121,39.6233,12.7756,0
484,2,1,1,0,0,484,190.768,83.213,39.6851,12.7789,0
485,2,1,1,0,0,485,190.389,83.7488,39.7744,12.7835,0
486,2,1,1,0,0,486,189.668,85.7465,39.6678,12.778,0
487,2,1,1,0,0,487,188.618,87.8298,39.6454,12.7764,0
488,2,1,1,0,0,488,188.293,88.829,39.7281,12.7805,0
489,2,1,1,0,0,489,187.141,91.0683,39.6693,12.7787,0
490,2,1,1,0,0,490,186.492,92.5576,39.7104,12.7803,0
491,2,1,1,0,0,491,185.463,94.5182,39.7786,12.7835,0
492,2,1,1,0,0,492,185.121,95.4465,39.6122,12.7755,0
493,2,1,1,0,0,493,183.895,97.48,39.7601,12.7829,0
494,2,1,1,0,0,494,183.674,98.6598,39.7006,12.7804,0
495,2,1,1,0,0,495,182.434,101.056,37.5049,12.6627,0
496,2,1,0,1,0,495,182.434,101.056,37.5049,12.6627,0
497,2,1,0,2,0,495,182.434,101.056,37.5049,12.6627,0
498,2,1,1,0,0,498,179.669,104.922,36.4581,12.3296,0
499,2,1,1,0,0,499,178.747,108.347,39.1707,12.7224,0
500,2,1,1,0,0,500,178.175,109.997,39.0638,12.7478,0
501,2,1,1,0,0,501,177.709,110.356,38.937,12.7425,0
502,2,1,1,0,0,502,175.908,112.256,39.7405,12.5119,0
503,2,1,1,0,0,503,175.417,112.931,39.8494,12.8162,0
504,2,1,1,0,0,504,175.738,112.923,40.6136,12.8599,0
505,2,1,1,0,0,505,173.603,115.936,39.7221,12.8115,0
506,2,1,1,0,0,506,172.859,117.042,39.869,12.8191,0
507,2,1,1,0,0,507,171.645,118.964,39.8452,12.8167,0
508,2,1,1,0,0,508,170.941,119.996,39.8216,12.8157,0
509,2,1,1,0,0,509,170.043,120.697,39.8367,12.8162,0
510,2,1,1,0,0,510,169.287,123.212,39.8424,12.8172,0
511,2,1,1,0,0,511,167.228,125.41,39.727,12.8123,0
512,2,1,1,0,0,512,166.541,126.455,39.8679,12.8177,0
513,2,1,1,0,0,513,164.955,128.205,39.9138,12.7904,0
514,2,1,1,0,0,514,164.454,129.144,39.8943,12.7895,0
515,2,1,1,0,0,515,163.462,130.307,39.7932,12.7839,0
516,2,1,1,0,0,516,162.068,132.386,38.9928,12.7155,0
517,2,1,1,0,0,517,161.513,133.107,39.0137,12.7151,0
518,2,1,1,0,0,518,159.602,134.706,39.9562,12.7914,0
519,2,1,1,0,0,519,159.184,135.727,39.8986,12.7901,0
520,2,1,1,0,0,520,158.044,137.302,40.0522,12.7968,0
521,2,1,1,0,0,521,157.48,137.86,39.9952,12.7945,0
522,2,1,1,0,0,522,155.791,139.401,40.0721,12.7989,0
523,2,1,1,0,0,523,153.891,141.255,39.9492,12.7925,0
524,2,1,1,0,0,524,153.422,141.941,40.0004,12.7953,0
525,2,1,1,0,0,525,152.467,142.849,40.0908,12.7992,0
526,2,1,1,0,0,526,150.599,145.219,40.1647,12.803,0
527,2,1,1,0,0,527,149.909,145.822,40.2991,12.8083,0
528,2,1,1,0,0,528,148.102,147.951,40.1256,12.8006,0
529,2,1,1,0,0,529,147.322,148.421,40.2053,12.8035,0
530,2,1,1,0,0,530,146.266,149.548,40.1582,12.8032,0
531,2,1,1,0,0,531,144.717,151.085,40.2037,12.8055,0
532,2,1,1,0,0,532,143.2,152.924,40.259,12.8074,0
533,2,1,1,0,0,533,141.725,154.199,40.2931,12.8094,0
534,2,1,1,0,0,534,139.577,155.655,40.2313,12.807,0
535,2,1,1,0,0,535,137.151,158.575,41.951,12.8959,0
536,2,1,1,0,0,536,139.954,156.089,41.5079,12.8732,0
537,2,1,0,1,1,536,139.954,156.089,41.5079,12.8732,0
538,2,1,0,2,2,536,139.954,156.089,41.5079,12.8732,0
538,3,0,1,0,0,538,-101.434,182.345,39.4424,12.7658,0
539,2,0,0,3,3,536,139.954,156.089,41.5079,12.8732,1
539,3,1,1,0,0,539,-102.687,181.912,39.5351,12.7706,0
540,2,0,0,3,3,536,139.954,156.089,41.5079,12.8732,1
540,3,1,1,0,0,540,-104.571,180.747,39.3899,12.765,0
541,2,0,0,3,3,536,139.954,156.089,41.5079,12.8732,1
541,3,1,1,0,0,541,-105.608,180.048,39.3892,12.7644,0
542,2,0,0,3,3,536,139.954,156.089,41.5079,12.8732,1
542,3,1,1,0,0,542,-107.165,179.282,39.4651,12.7685,0
543,2,0,0,3,3,536,139.954,156.089,41.5079,12.8732,1
543,3,1,1,0,0,543,-108.343,178.173,39.49,12.8004,0
544,2,0,0,3,3,536,139.954,156.089,41.5079,12.8732,1
544,3,1,1,0,0,544,-108.118,177.821,39.9308,12.8219,0
545,2,0,0,3,3,536,139.954,156.089,41.5079,12.8732,1
545,3,1,1,0,0,545,-108.116,177.098,39.9576,12.7923,0
546,2,0,0,3,3,536,139.954,156.089,41.5079,12.8732,1
546,3,1,1,0,0,546,-108.551,176.954,39.8513,12.789,0
547,2,0,0,3,3,536,139.954,156.089,41.5079,12.8732,1
547,3,1,1,0,0,547,-108.624,176.794,39.7158,12.7816,0
548,2,0,0,3,3,536,139.954,156.089,41.5079,12.8732,1
548,3,1,1,0,0,548,-109.166,176.814,39.8606,12.789,0
549,2,0,0,3,3,536,139.954,156.089,41.5079,12.8732,1
549,3,1,1,0,0,549,-110.295,176.114,39.6726,12.479,0
550,3,1,1,0,0,550,-110.954,176.05,39.5294,12.8013,0
551,3,1,1,0,0,551,-112.348,175,39.4495,12.7672,0
552,3,1,1,0,0,552,-113.058,174.685,39.2679,12.7882,0
553,3,1,1,0,0,553,-113.261,174.436,39.408,12.796,0
554,3,1,1,0,0,554,-115.202,172.897,39.3835,12.7944,0
555,3,1,1,0,0,555,-116.257,171.994,39.3749,12.7927,0
556,3,1,1,0,0,556,-118.131,170.079,39.3163,12.7892,0
557,3,1,1,0,0,557,-119.387,169.433,39.3286,12.7907,0
558,3,1,1,0,0,558,-121.755,167.461,39.2573,12.7593,0
559,3,1,1,0,0,559,-123.692,165.401,39.2357,12.7865,0
560,3,1,1,0,0,560,-124.94,164.487,39.2742,12.7581,0
561,3,1,1,0,0,561,-125.898,163.784,39.0673,12.7483,0
562,3,1,1,0,0,562,-127.453,162.011,39.0583,12.4472,0
563,3,1,1,0,0,563,-128.511,161.169,38.9836,12.7744,0
564,3,1,1,0,0,564,-130.088,159.947,39.0015,12.7454,0
565,3,1,1,0,0,565,-130.838,158.879,39.0837,12.7785,0
566,3,1,1,0,0,566,-132.325,157.316,38.9788,12.7445,0
567,3,1,1,0,0,567,-133.452,156.309,39.0907,12.7486,0
568,3,1,1,0,0,568,-135.223,154.488,39.0766,12.7489,0
569,3,1,1,0,0,569,-136.068,153.689,38.9866,12.7442,0
570,3,1,1,0,0,570,-137.626,152.215,39.0346,12.7464,0
571,3,1,1,0,0,571,-139.285,150.284,39.054,12.7772,0
572,3,1,1,0,0,572,-139.927,149.315,39.3287,12.7611,0
573,3,1,1,0,0,573,-141.732,147.604,39.1694,12.7834,0
574,3,1,1,0,0,574,-142.515,146.952,39.0694,12.7476,0
575,3,1,1,0,0,575,-143.378,145.684,39.1469,12.7521,0
576,3,1,1,0,0,576,-144.458,144.157,39.0948,12.778,0
577,3,1,1,0,0,577,-145.461,143.011,39.1219,12.7493,0
578,3,1,1,0,0,578,-146.709,139.946,37.7632,12.655,0
579,3,1,0,1,0,578,-146.709,139.946,37.7632,12.655,0
580,3,1,1,0,0,580,-149.316,138.491,38.8274,12.7345,0
581,3,1,1,0,0,581,-150.204,137.293,38.8244,12.7365,0
582,3,1,1,0,0,582,-151.271,135.521,38.6988,12.76,0
583,3,1,1,0,0,583,-151.915,134.414,38.8817,12.7389,0
584,3,1,1,0,0,584,-153.48,132.397,38.7891,12.7641,0
585,3,1,1,0,0,585,-154.05,131.528,38.7497,12.7324,0
586,3,1,1,0,0,586,-155.416,129.461,38.7936,12.7341,0
587,3,1,1,0,0,587,-156.048,128.396,38.6379,12.7265,0
588,3,1,1,0,0,588,-157.47,126.489,38.6212,12.7245,0
589,3,1,1,0,0,589,-158.127,125.449,38.5671,12.7525,0
590,3,1,1,0,0,590,-159.482,124.095,38.6496,12.7566,0
591,3,1,1,0,0,591,-159.793,122.249,38.6238,12.7564,0
592,3,1,1,0,0,592,-160.583,121.219,38.6552,12.7571,0
593,3,1,1,0,0,593,-161.686,119.155,38.5121,12.75,0
594,3,1,1,0,0,594,-162.799,117.389,38.5752,12.7233,0
595,3,1,1,0,0,595,-163.287,116.163,38.4426,12.7476,0
596,3,1,1,0,0,596,-164.577,113.856,38.5176,12.72,0
597,3,1,1,0,0,597,-165.046,112.949,38.4625,12.7178,0
598,3,1,1,0,0,598,-166.113,110.853,38.4517,12.7178,0
599,3,1,1,0,0,599,-166.671,109.621,38.371,12.7448,0
600,3,1,1,0,0,600,-167.591,107.685,38.23,12.7365,0
601,3,1,1,0,0,601,-168.295,106.441,38.417,12.7457,0
602,3,1,1,0,0,602,-168.539,105.512,38.3778,12.4444,0
603,3,1,1,0,0,603,-169.596,103.418,38.2819,12.7387,0
604,3,1,1,0,0,604,-169.688,102.493,38.2977,12.7404,0
605,3,1,1,0,0,605,-170.89,100.248,38.2364,12.7078,0
606,3,1,1,0,0,606,-171.785,97.9302,38.2885,12.7103,0
607,3,1,1,0,0,607,-172.133,96.8922,38.2196,12.7067,0
608,3,1,1,0,0,608,-172.962,94.5184,38.2084,12.705,0
609,3,1,1,0,0,609,-173.256,93.5892,38.184,12.735,0
610,3,1,1,0,0,610,-173.893,91.4361,38.2187,12.7051,0
611,3,1,1,0,0,611,-174.366,90.0399,38.2355,12.7361,0
612,3,1,1,0,0,612,-174.948,89.0624,38.0314,12.6956,0
613,3,1,1,0,0,613,-175.517,87.0282,37.9446,12.722,0
614,3,1,1,0,0,614,-175.775,85.7686,38.0192,12.696,0
615,3,1,1,0,0,615,-176.849,83.3838,37.8955,12.6896,0
616,3,1,1,0,0,616,-176.837,82.4848,38.0806,12.3992,0
617,3,1,1,0,0,617,-177.496,80.8209,37.9195,12.6914,0
618,3,1,1,0,0,618,-177.835,79.2686,37.8221,12.3874,0
619,3,1,1,0,0,619,-178.399,77.1953,37.8468,12.6871,0
620,3,1,1,0,0,620,-178.496,75.904,38.0646,12.7276,0
621,3,1,1,0,0,621,-179.397,73.9004,37.9921,12.6945,0
622,3,1,1,0,0,622,-179.569,72.6833,38.0489,12.6974,0
623,3,1,0,1,1,622,-179.569,72.6833,38.0489,12.6974,0
624,3,1,0,2,2,622,-179.569,72.6833,38.0489,12.6974,0
625,3,0,0,3,3,622,-179.569,72.6833,38.0489,12.6974,1
626,3,0,0,3,3,622,-179.569,72.6833,38.0489,12.6974,1
627,3,0,0,3,3,622,-179.569,72.6833,38.0489,12.6974,1
627,4,1,1,0,0,627,194.517,91.5804,42.092,12.8989,0
628,3,0,0,3,3,622,-179.569,72.6833,38.0489,12.6974,1
628,4,1,1,0,0,628,194.329,92.6829,42.1863,12.9042,0
629,3,0,0,3,3,622,-179.569,72.6833,38.0489,12.6974,1
629,4,1,1,0,0,629,192.98,95.2832,42.029,12.8959,0
630,3,0,0,3,3,622,-179.569,72.6833,38.0489,12.6974,1
630,4,1,1,0,0,630,191.726,97.0266,42.2631,12.9094,0
631,3,0,0,3,3,622,-179.569,72.6833,38.0489,12.6974,1
631,4,1,1,0,0,631,189.977,98.3712,42.1369,12.9023,0
632,3,0,0,3,3,622,-179.569,72.6833,38.0489,12.6974,1
632,4,1,1,0,0,632,185.1,102.631,42.3502,12.6134,0
633,3,0,0,3,3,622,-179.569,72.6833,38.0489,12.6974,1
633,4,1,1,0,0,633,182.99,104.887,41.1205,12.5842,0
634,3,0,0,3,3,622,-179.569,72.6833,38.0489,12.6974,1
634,4,1,1,0,0,634,181.029,106.633,40.8454,12.5098,0
635,3,0,0,3,3,622,-179.569,72.6833,38.0489,12.6974,1
635,4,1,1,0,0,635,177.226,110.719,41.4332,12.5679,0
636,4,1,1,0,0,636,175.633,112.442,41.2692,12.5599,0
637,4,1,1,0,0,637,173.197,116.091,40.7698,12.5655,0
638,4,1,1,0,0,638,172.464,117.359,40.7899,12.8357,0
639,4,1,1,0,0,639,170.448,120.97,40.577,12.8249,0
640,4,1,1,0,0,640,169.518,122.307,40.2507,12.8382,0
641,4,1,1,0,0,641,168.854,123.679,40.1358,12.8335,0
642,4,1,1,0,0,642,167.484,125.791,40.0854,12.8304,0
643,4,1,1,0,0,643,165.597,127.869,40.1585,12.8348,0
644,4,1,1,0,0,644,165.085,128.756,40.1985,12.8361,0
645,4,1,1,0,0,645,162.632,131.208,40.3197,12.8416,0
646,4,1,1,0,0,646,162.703,131.248,40.3627,12.8436,0
647,4,1,1,0,0,647,161.613,132.526,40.3043,12.841,0
648,4,1,1,0,0,648,160.912,133.806,40.131,12.8319,0
649,4,1,1,0,0,649,159.708,135.002,40.1934,12.8067,0
650,4,1,1,0,0,650,159.312,136.039,40.3331,12.8118,0
651,4,1,1,0,0,651,156.786,138.744,40.3119,12.8116,0
652,4,1,1,0,0,652,156.878,138.421,40.3009,12.8104,0
653,4,1,1,0,0,653,154.36,140.987,40.3164,12.8116,0
654,4,1,1,0,0,654,153.416,141.857,40.3562,12.8137,0
655,4,1,1,0,0,655,152.271,143.9,40.3231,12.8105,0
656,4,1,1,0,0,656,151.016,145,40.3235,12.8127,0
657,4,1,1,0,0,657,149.418,146.912,40.2834,12.8102,0
658,4,1,1,0,0,658,148.326,147.509,40.2705,12.8097,0
659,4,1,1,0,0,659,147.699,148.838,40.3407,12.8134,0
660,4,1,1,0,0,660,145.945,150.353,40.2991,12.8108,0
661,4,1,1,0,0,661,144.273,150.799,39.0774,12.7214,0
662,4,1,1,0,0,662,143.713,151.418,38.163,12.6957,0
663,4,1,0,1,0,662,143.713,151.418,38.163,12.6957,0
664,4,1,0,2,0,662,143.713,151.418,38.163,12.6957,0
665,4,1,1,0,0,665,139.825,156.832,38.8559,12.6897,0
666,4,1,1,0,0,666,136.899,159.552,39.6105,12.7464,0
667,4,1,1,0,0,667,135.762,160.194,39.567,12.7431,0
668,4,1,1,0,0,668,134.962,160.996,39.7124,12.7512,0
669,4,1,1,0,0,669,132.882,162.067,40.3227,12.8099,0
670,4,1,1,0,0,670,131.998,162.979,40.371,12.8141,0
671,4,1,1,0,0,671,129.688,164.65,40.3357,12.8116,0
672,4,1,1,0,0,672,128.886,165.148,40.2087,12.8051,0
673,4,1,1,0,0,673,126.235,167.095,40.3571,12.8116,0
674,4,1,1,0,0,674,125.527,167.984,40.2784,12.8014,0
675,4,1,1,0,0,675,124.19,169.183,40.4556,12.8164,0
676,4,1,1,0,0,676,122.76,169.331,40.3346,12.8042,0
677,4,1,1,0,0,677,122.395,170.082,40.3199,12.8035,0
678,4,1,1,0,0,678,120.217,172.004,40.5751,12.8249,0
679,4,1,1,0,0,679,116.969,174.486,40.4816,12.8509,0
680,4,1,1,0,0,680,116.046,174.445,40.4235,12.8181,0
681,4,1,1,0,0,681,114.499,175.673,40.5812,12.8554,0
682,4,1,1,0,0,682,113.907,175.341,40.5948,12.8558,0
683,4,1,1,0,0,683,113.055,176.381,40.6102,12.8557,0
684,4,1,1,0,0,684,109.515,178.476,40.3625,12.8443,0
685,4,1,1,0,0,685,109.682,178.809,40.3889,12.8456,0
686,4,1,1,0,0,686,107.717,180.231,40.4465,12.8488,0
687,4,1,1,0,0,687,106.771,180.86,40.5534,12.8532,0
688,4,1,1,0,0,688,104.65,181.807,40.5403,12.8534,0
689,4,1,1,0,0,689,103.707,182.379,40.5124,12.8522,0
690,4,1,1,0,0,690,100.971,183.98,40.5844,12.8554,0
691,4,1,1,0,0,691,100.332,184.403,40.5589,12.8542,0
692,4,1,1,0,0,692,97.964,186.079,40.5756,12.8555,0
693,4,1,1,0,0,693,96.8911,186.758,40.5735,12.8547,0
694,4,1,1,0,0,694,94.5583,187.769,40.4887,12.82,0
695,4,1,1,0,0,695,93.4459,188.154,40.6245,12.5262,0
696,4,1,1,0,0,696,91.3983,188.749,40.4853,12.8205,0
697,4,1,1,0,0,697,88.926,189.75,40.5159,12.8214,0
698,4,1,1,0,0,698,88.0202,190.386,40.5546,12.8237,0
699,4,1,1,0,0,699,86.861,191.576,40.463,12.8191,0
700,4,1,1,0,0,700,84.7305,192.042,40.7171,12.8315,0
701,4,1,1,0,0,701,82.2587,192.997,40.6363,12.8282,0
702,4,1,1,0,0,702,80.4503,193.998,40.7659,12.8353,0
703,4,1,1,0,0,703,79.9469,194.095,40.8407,12.8383,0
704,4,1,0,1,1,703,79.9469,194.095,40.8407,12.8383,0
705,4,1,0,2,2,703,79.9469,194.095,40.8407,12.8383,0
706,4,0,0,3,3,703,79.9469,194.095,40.8407,12.8383,1
707,4,0,0,3,3,703,79.9469,194.095,40.8407,12.8383,1
707,5,1,1,0,0,707,60.3425,-157.236,36.4108,12.6181,0
708,4,0,0,3,3,703,79.9469,194.095,40.8407,12.8383,1
708,5,1,0,1,0,707,60.3425,-157.236,36.4108,12.6181,0
709,4,0,0,3,3,703,79.9469,194.095,40.8407,12.8383,1
709,5,1,0,2,0,707,60.3425,-157.236,36.4108,12.6181,0
710,4,0,0,3,3,703,79.9469,194.095,40.8407,12.8383,1
710,5,1,1,0,0,710,65.0789,-156.089,36.6123,12.6278,0
711,4,0,0,3,3,703,79.9469,194.095,40.8407,12.8383,1
711,5,1,0,1,0,710,65.0789,-156.089,36.6123,12.6278,0
712,4,0,0,3,3,703,79.9469,194.095,40.8407,12.8383,1
712,5,1,0,2,1,710,65.0789,-156.089,36.6123,12.6278,0
713,4,0,0,3,3,703,79.9469,194.095,40.8407,12.8383,1
713,5,1,1,0,0,713,71.0776,-153.314,37.1867,12.3571,0
714,4,0,0,3,3,703,79.9469,194.095,40.8407,12.8383,1
714,5,1,1,0,0,714,73.6288,-153.023,37.816,12.4193,0
715,4,0,0,3,3,703,79.9469,194.095,40.8407,12.8383,1
715,5,1,1,0,0,715,76.2032,-152.467,37.3088,12.3623,0
716,4,0,0,3,3,703,79.9469,194.095,40.8407,12.8383,1
716,5,1,1,0,0,716,77.9578,-151.648,37.1785,12.3864,0
717,5,1,1,0,0,717,81.3426,-150.721,37.0607,12.6491,0
718,5,1,1,0,0,718,82.7324,-150.349,37.0504,12.6492,0
719,5,1,1,0,0,719,84.7571,-150.269,37.1332,12.6528,0
720,5,1,1,0,0,720,85.6135,-150.339,37.0034,12.6455,0
721,5,1,1,0,0,721,86.9024,-149.886,37.0999,12.652,0
722,5,1,1,0,0,722,90.2605,-148.383,37.2311,12.6588,0
723,5,1,1,0,0,723,91.7667,-147.564,37.1675,12.6558,0
724,5,1,1,0,0,724,93.7235,-146.94,37.1566,12.3545,0
725,5,1,1,0,0,725,94.5369,-146.338,37.1882,12.6569,0
726,5,1,1,0,0,726,96.209,-145.881,37.4204,12.6979,0
727,5,1,1,0,0,727,98.6859,-144.332,37.1937,12.6565,0
728,5,1,1,0,0,728,99.3961,-143.93,37.2402,12.6584,0
729,5,1,1,0,0,729,101.025,-143.223,37.1875,12.6557,0
730,5,1,1,0,0,730,103.583,-142.085,36.5109,12.6516,0
731,5,1,1,0,0,731,104.927,-141.566,37.1616,12.3549,0
732,5,1,1,0,0,732,107.324,-140.076,36.9989,12.6757,0
733,5,1,1,0,0,733,108.552,-139.451,37.1451,12.6543,0
734,5,1,1,0,0,734,110.449,-138.871,37.2424,12.6889,0
735,5,1,1,0,0,735,111.278,-138.17,37.1293,12.6827,0
736,5,1,1,0,0,736,113.407,-136.837,37.1902,12.3863,0
737,5,1,1,0,0,737,114.183,-136.57,36.5885,12.6562,0
738,5,1,1,0,0,738,115.933,-135.334,37.2801,12.6611,0
739,5,1,1,0,0,739,118.131,-134.273,37.1399,12.6851,0
740,5,1,1,0,0,740,119.439,-133.644,37.2954,12.6616,0
741,5,1,1,0,0,741,121.444,-132.087,37.5183,12.7009,0
742,5,1,1,0,0,742,121.458,-131.87,36.1865,12.6072,0
743,5,1,1,0,0,743,122.757,-130.834,35.8492,12.5915,0
744,5,1,1,0,0,744,124.782,-129.271,36.5053,12.6237,0
745,5,1,1,0,0,745,126.042,-128.711,37.3981,12.6954,0
746,5,1,1,0,0,746,128.275,-127.299,37.5143,12.6724,0
747,5,1,1,0,0,747,130.081,-126.56,37.6696,12.6804,0
748,5,1,1,0,0,748,131.068,-125.37,37.6571,12.3788,0
749,5,1,1,0,0,749,131.862,-124.848,37.5808,12.676,0
750,5,1,1,0,0,750,134.068,-123.538,37.5987,12.7071,0
751,5,1,1,0,0,751,135.789,-121.924,37.4888,12.7,0
752,5,1,1,0,0,752,136.917,-120.976,37.4044,12.6971,0
753,5,1,1,0,0,753,138.866,-119.584,37.5117,12.6734,0
754,5,1,1,0,0,754,139.623,-118.455,37.6041,12.6771,0
755,5,1,1,0,0,755,141.145,-117.315,37.4711,12.6994,0
756,5,1,1,0,0,756,142.2,-116.9,37.5413,12.6736,0
757,5,1,1,0,0,757,143.608,-115.768,37.7018,12.6818,0
758,5,1,1,0,0,758,144.646,-114.245,37.7273,12.6834,0
759,5,1,1,0,0,759,146.267,-112.755,37.7838,12.6852,0
760,5,1,1,0,0,760,147.106,-112.262,37.7415,12.6847,0
761,5,1,1,0,0,761,148.806,-110.522,37.6288,12.6776,0
762,5,1,1,0,0,762,150.498,-109.023,37.6727,12.6801,0
763,5,1,1,0,0,763,151.709,-108.343,37.7216,12.6825,0
764,5,1,1,0,0,764,153.097,-106.633,37.6363,12.7105,0
765,5,1,1,0,0,765,153.684,-106.235,37.7739,12.7155,0
766,5,1,1,0,0,766,154.335,-105.323,37.1766,12.6856,0
767,5,1,1,0,0,767,156.084,-103.58,37.8146,12.6871,0
768,5,1,1,0,0,768,156.81,-102.769,37.5604,12.6744,0
769,5,1,1,0,0,769,158.314,-101.528,37.7937,12.6868,0
770,5,1,1,0,0,770,159.187,-100.32,37.6395,12.6788,0
771,5,1,1,0,0,771,160.558,-98.2343,37.8033,12.6871,0
772,5,1,1,0,0,772,161.276,-96.9016,37.6594,12.6795,0
773,5,1,1,0,0,773,162.679,-95.883,37.7764,12.6859,0
774,5,1,1,0,0,774,164.245,-93.7637,37.1249,12.6831,0
775,5,1,1,0,0,775,164.96,-93.5257,37.7043,12.6816,0
776,5,1,1,0,0,776,166.423,-91.435,37.7156,12.7121,0
777,5,1,1,0,0,777,167.108,-90.3403,37.6815,12.7116,0
778,5,1,1,0,0,778,168.276,-88.5306,37.8198,12.7181,0
779,5,1,1,0,0,779,169.076,-87.9637,37.9612,12.7246,0
780,5,1,1,0,0,780,170.726,-86.2296,37.6696,12.7098,0
781,5,1,1,0,0,781,170.872,-84.7422,37.9016,12.6927,0
782,5,1,1,0,0,782,172.55,-83.1307,37.8631,12.69,0
783,5,1,1,0,0,783,173.276,-82.6975,37.7376,12.6836,0
784,5,1,1,0,0,784,174.453,-80.5312,37.7919,12.6859,0
785,5,1,1,0,0,785,174.955,-79.142,37.7947,12.6878,0
786,5,1,0,1,1,785,174.955,-79.142,37.7947,12.6878,0
787,5,1,0,2,0,785,174.955,-79.142,37.7947,12.6878,0
788,5,1,0,3,0,785,174.955,-79.142,37.7947,12.6878,0
789,5,1,0,4,0,785,174.955,-79.142,37.7947,12.6878,0
790,5,1,0,5,0,785,174.955,-79.142,37.7947,12.6878,0
791,5,1,0,6,0,785,174.955,-79.142,37.7947,12.6878,0
792,5,1,0,7,0,785,174.955,-79.142,37.7947,12.6878,0
793,5,1,0,8,0,785,174.955,-79.142,37.7947,12.6878,0
794,5,1,0,9,0,785,174.955,-79.142,37.7947,12.6878,0
795,5,1,0,10,0,785,174.955,-79.142,37.7947,12.6878,0
